ctx	p_obs
ACA>A	0.04719101123595506
ACA>G	0.06773675762439807
ACA>T	0.1592295345104334
ACC>A	0.08205320344698389
ACC>G	0.06631697264893219
ACC>T	0.19333083551892094
ACG>A	0.11169284467713787
ACG>G	0.1256544502617801
ACG>T	0.39179755671902267
ACT>A	0.03909389842893679
ACT>G	0.09426379247351115
ACT>T	0.1709901351845086
ATA>A	0.04390243902439024
ATA>C	0.2039911308203991
ATA>G	0.03636363636363636
ATC>A	0.056691449814126396
ATC>C	0.11384758364312268
ATC>G	0.03392193308550186
ATG>A	0.04243394715772618
ATG>C	0.200160128102482
ATG>G	0.04603682946357086
ATT>A	0.02929860905593371
ATT>C	0.13228765907073098
ATT>G	0.03669724770642202
CCA>A	0.037276727931659336
CCA>G	0.052290965570799895
CCA>T	0.14392958840279577
CCC>A	0.060388401170524075
CCC>G	0.08379888268156424
CCC>T	0.17983506251662676
CCG>A	0.09100050276520864
CCG>G	0.12669683257918551
CCG>T	0.3936651583710407
CCT>A	0.03080448065173116
CCT>G	0.07561099796334013
CCT>T	0.18762729124236252
CTA>A	0.027862208713272545
CTA>C	0.12968591691995948
CTA>G	0.028875379939209727
CTC>A	0.022503879979306775
CTC>C	0.07941024314536989
CTC>G	0.030781169167097777
CTG>A	0.031155545222041385
CTG>C	0.12601720530109278
CTG>G	0.04626830969541967
CTT>A	0.028125
CTT>C	0.10875
CTT>G	0.0428125
GCA>A	0.05410062026188835
GCA>G	0.053756030323914544
GCA>T	0.15644383184011026
GCC>A	0.05830670926517572
GCC>G	0.0540468583599574
GCC>T	0.1698615548455804
GCG>A	0.13616181549087322
GCG>G	0.08880118401578688
GCG>T	0.327084361124815
GCT>A	0.038978054372748115
GCT>G	0.09171306911234851
GCT>T	0.1680314444808385
GTA>A	0.03354632587859425
GTA>C	0.15335463258785942
GTA>G	0.03194888178913738
GTC>A	0.045116279069767444
GTC>C	0.09255813953488372
GTC>G	0.03441860465116279
GTG>A	0.02810077519379845
GTG>C	0.11046511627906977
GTG>G	0.05264857881136951
GTT>A	0.029944838455476755
GTT>C	0.10795902285263988
GTT>G	0.05200945626477541
TCA>A	0.04814697497624327
TCA>G	0.06556857776369972
TCA>T	0.13652201457079505
TCC>A	0.060786650774731825
TCC>G	0.07538736591179976
TCC>T	0.16507747318235996
TCG>A	0.07784911717495988
TCG>G	0.12038523274478331
TCG>T	0.3434991974317817
TCT>A	0.04769782189137028
TCT>G	0.10449407223600772
TCT>T	0.141439205955335
TTA>A	0.03979739507959479
TTA>C	0.10564399421128799
TTA>G	0.04015918958031838
TTC>A	0.02422360248447205
TTC>C	0.07608695652173914
TTC>G	0.037888198757763975
TTG>A	0.025820847943895442
TTG>C	0.09467644246094996
TTG>G	0.058973541600255024
TTT>A	0.02597195666029318
TTT>C	0.0704270235818993
TTT>G	0.043180369662205224
