	dominant	recessive	state
ALL (11 structures)	0.8064653025843691	0.6363730734569706	
ALL, no graph	0.7879751053190318	0.6352586317036142	
3JCR	0.5806016997447878	0.6293201801720097	tri-snRNP
5O9Z	0.5514962848558674	0.6065201932389295	B
5XJC	0.7522123413599491	0.6076001144313935	C*
5Z56	0.7953055866815077	0.6440149803032267	Bact-mature
6FF7	0.791558767957995	0.6336486560537057	Bact
6QDV	0.6868041784198149	0.598834213324304	P
6QW6	0.6547271531148874	0.6371212952969423	tri-snRNP
6QX9	0.6084498190020846	0.6037432450775647	pre-B
6Y5Q	0.5871039963276458	0.6253913907779978	U2-snRNP
7DVQ	0.746516957309758	0.6747260724897287	minor-Bact
8Y6O	0.582323462094423	0.653711299587249	minor-preB
NESTED single structure	0.5971081473284081	0.6535207153468715	
ORACLE best single structure	0.7953055866815077	0.6747260724897287	
