	RNU4-2	RNU4-2	RNU2-2P	RNU2-2P	RNU5B-1	RNU6	RNU4ATAC	RNU12
	dominant	recessive	dominant	recessive	dominant	dominant	recessive	recessive
ALL (11 structures)	0.757754398693996	0.506760757994473	0.7987249544626592	0.5918777943368106	0.730121293800539	0.9392605633802817	0.7772108843537415	0.6696428571428572
ALL, no graph	0.7419735171413023	0.5038491906829846	0.7917425622343655	0.6528315946348733	0.668800539083558	0.9493838028169015	0.7414965986394558	0.6428571428571428
3JCR	0.4848086341374932	0.4903770232925386	0.701578627808136	0.729284649776453	0.6529649595687331	0.48305457746478875	0.7440476190476191	0.5535714285714285
5O9Z	0.5315164157446037	0.5204303197789182	0.571645415907711	0.55424739195231	0.48618598382749323	0.616637323943662	0.7755102040816326	0.5758928571428571
5XJC	0.5018138944313442	0.4709336754836163	0.7662416514875532	0.647391952309985	0.860512129380054	0.880281690140845	0.79421768707483	0.5178571428571428
5Z56	0.501813894431344	0.4709336754836163	0.847905282331512	0.7305514157973174	0.9494609164420486	0.8820422535211268	0.79421768707483	0.5803571428571428
6FF7	0.501813894431344	0.4709336754836163	0.859137826350941	0.715871833084948	0.9316037735849056	0.8736795774647887	0.79421768707483	0.5535714285714285
6QDV	0.5018138944313442	0.4709336754836163	0.6335761991499695	0.6346497764530552	0.8547843665768194	0.7570422535211268	0.79421768707483	0.49553571428571425
6QW6	0.5252131325956829	0.5039478878799841	0.701578627808136	0.7290611028315946	0.503032345013477	0.8890845070422535	0.7619047619047619	0.5535714285714285
6QX9	0.7263740250317432	0.5138176075799448	0.6357012750455373	0.5478390461997019	0.1566711590296496	0.9150528169014085	0.7372448979591837	0.6160714285714286
6Y5Q	0.5018138944313442	0.4709336754836163	0.6432908318154219	0.6203427719821162	0.7048517520215634	0.4984595070422535	0.79421768707483	0.6160714285714285
7DVQ	0.49396880101578095	0.4709336754836163	0.7665452337583484	0.7819672131147541	0.819743935309973	0.9058098591549296	0.79421768707483	0.6517857142857143
8Y6O	0.5975875204063124	0.5263028030003948	0.701578627808136	0.7290611028315946	0.8413072776280323	0.1888204225352113	0.7925170068027211	0.5669642857142857
