unit	ctx	score	auroc
RNU4-2	dominant	final	0.7830582260112462
RNU4-2	dominant	trained_secondary_structure	0.6489660801741339
RNU4-2	dominant	vienna_destab	0.3114910212225649
RNU4-2	dominant	vienna_paired	0.43274986395791765
RNU4-2	dominant	vienna_duplex	0.4660801741338655
RNU4-2	dominant	constraint_1_minus_oe	0.7432432432432432
RNU4-2	dominant	cadd_phred	0.5837959291567539
RNU4-2	dominant	phylop447	0.5018138944313442
RNU4-2	dominant	frac_states_protein_contact	0.7037910393615092
RNU4-2	recessive	final	0.5944532175286221
RNU4-2	recessive	trained_secondary_structure	0.48090209238057635
RNU4-2	recessive	vienna_destab	0.5006415317804975
RNU4-2	recessive	vienna_paired	0.5490525069088038
RNU4-2	recessive	vienna_duplex	0.6283063560994868
RNU4-2	recessive	constraint_1_minus_oe	0.5327181208053692
RNU4-2	recessive	cadd_phred	0.6415378006872852
RNU4-2	recessive	phylop447	0.4709336754836163
RNU4-2	recessive	frac_states_protein_contact	0.6623075404658507
RNU2-2P	dominant	final	0.78354584092289
RNU2-2P	dominant	trained_secondary_structure	0.5813600485731633
RNU2-2P	dominant	vienna_destab	0.45871281117182755
RNU2-2P	dominant	vienna_paired	0.46053430479659985
RNU2-2P	dominant	vienna_duplex	
RNU2-2P	dominant	constraint_1_minus_oe	0.7507589556769884
RNU2-2P	dominant	cadd_phred	0.4729214340198322
RNU2-2P	dominant	phylop447	0.701578627808136
RNU2-2P	dominant	frac_states_protein_contact	0.6414693381906497
RNU2-2P	recessive	final	0.5809985096870343
RNU2-2P	recessive	trained_secondary_structure	0.7253353204172875
RNU2-2P	recessive	vienna_destab	0.4672131147540983
RNU2-2P	recessive	vienna_paired	0.47801788375558874
RNU2-2P	recessive	vienna_duplex	
RNU2-2P	recessive	constraint_1_minus_oe	0.7312220566318928
RNU2-2P	recessive	cadd_phred	0.5113304093567251
RNU2-2P	recessive	phylop447	0.7290611028315946
RNU2-2P	recessive	frac_states_protein_contact	0.5809985096870343
RNU5B-1	dominant	final	0.7388814016172507
RNU5B-1	dominant	trained_secondary_structure	0.7078840970350405
RNU5B-1	dominant	vienna_destab	0.2223719676549865
RNU5B-1	dominant	vienna_paired	0.12196765498652294
RNU5B-1	dominant	vienna_duplex	
RNU5B-1	dominant	constraint_1_minus_oe	0.9952830188679245
RNU5B-1	dominant	cadd_phred	0.9198952879581151
RNU5B-1	dominant	phylop447	0.7048517520215632
RNU5B-1	dominant	frac_states_protein_contact	0.477088948787062
RNU6	dominant	final	0.9119718309859155
RNU6	dominant	trained_secondary_structure	0.8235035211267605
RNU6	dominant	vienna_destab	0.04665492957746481
RNU6	dominant	vienna_paired	0.7535211267605634
RNU6	dominant	vienna_duplex	0.035211267605633756
RNU6	dominant	constraint_1_minus_oe	0.5466549295774648
RNU6	dominant	cadd_phred	
RNU6	dominant	phylop447	0.49097711267605637
RNU6	dominant	frac_states_protein_contact	0.9295774647887325
RNU4ATAC	recessive	final	0.7848639455782314
RNU4ATAC	recessive	trained_secondary_structure	0.7006802721088435
RNU4ATAC	recessive	vienna_destab	0.6479591836734694
RNU4ATAC	recessive	vienna_paired	0.5671768707482994
RNU4ATAC	recessive	vienna_duplex	0.6522108843537415
RNU4ATAC	recessive	constraint_1_minus_oe	0.46003401360544216
RNU4ATAC	recessive	cadd_phred	0.7916666666666666
RNU4ATAC	recessive	phylop447	0.79421768707483
RNU4ATAC	recessive	frac_states_protein_contact	0.6641156462585034
RNU12	recessive	final	0.6607142857142857
RNU12	recessive	trained_secondary_structure	0.5714285714285714
RNU12	recessive	vienna_destab	0.4732142857142857
RNU12	recessive	vienna_paired	0.4866071428571428
RNU12	recessive	vienna_duplex	
RNU12	recessive	constraint_1_minus_oe	0.8616071428571428
RNU12	recessive	cadd_phred	0.5625
RNU12	recessive	phylop447	0.5535714285714285
RNU12	recessive	frac_states_protein_contact	0.7142857142857144
