score	n	spearman	p
cadd_phred	423	0.07645101849923105	0.11641255433617467
phylop447	501	-0.005840256792584996	0.8962521647076532
max_protein_res	485	0.31688212908890034	8.962661192019386e-13
frac_states_protein_contact	485	0.3469479139089765	3.641499541951289e-15
frac_states_snrna_contact	485	0.22529781206025387	5.345824838451847e-07
abs_ddG_fold	501	-0.014687054003826779	0.7429590750542143
paired_wt	501	0.010125356311571344	0.8211424407202104
model_logistic	501	0.12538688090738234	0.004944493910604691
model_gbm	501	0.08878691403367728	0.04700221718065723
