group	score	n	n_pos	auroc	auprc	sens_at_95spec
all	abs_ddG_fold	91	60	0.5	0.6929356457555433	0.1
all	ddG_duplex_loss	30	24	0.53125	0.8334285487788698	0.125
all	paired_wt	91	60	0.42419354838709683	0.6216852769449952	0.05
all	max_protein_res	38	26	0.8413461538461537	0.8870175787537062	0.07692307692307693
all	frac_states_snrna_contact	38	26	0.4262820512820513	0.6911268556005399	0.0
all	depletion_neg_oe	91	60	0.48655913978494625	0.6873630197476696	0.1
all	snrnavep_gbm	91	60	0.4483870967741936	0.6743427897427379	0.08333333333333333
all	snrnavep_logistic	91	60	0.6704301075268817	0.8330891268673718	0.3333333333333333
RMRP	abs_ddG_fold	32	26	0.4166666666666667	0.7851051721425621	0.0
RMRP	ddG_duplex_loss	0	0			
RMRP	paired_wt	32	26	0.451923076923077	0.8040547199963343	0.038461538461538464
RMRP	max_protein_res	0	0			
RMRP	frac_states_snrna_contact	0	0			
RMRP	depletion_neg_oe	32	26	0.3621794871794872	0.7802409144962281	0.07692307692307693
RMRP	snrnavep_gbm	32	26	0.45192307692307687	0.8267854446498172	0.11538461538461539
RMRP	snrnavep_logistic	32	26	0.4423076923076923	0.838589435185894	0.23076923076923078
RNU12	abs_ddG_fold	13	5	0.5	0.5062271062271062	0.2
RNU12	ddG_duplex_loss	0	0			
RNU12	paired_wt	13	5	0.45	0.5175757575757576	0.2
RNU12	max_protein_res	12	5	0.9	0.8833333333333333	0.8
RNU12	frac_states_snrna_contact	12	5	0.35714285714285715	0.4166666666666667	0.0
RNU12	depletion_neg_oe	13	5	0.825	0.7916666666666665	0.4
RNU12	snrnavep_gbm	13	5	0.2	0.3132323232323233	0.0
RNU12	snrnavep_logistic	13	5	0.825	0.8253968253968254	0.6
RNU4ATAC	abs_ddG_fold	30	24	0.65625	0.8883612184837674	0.2916666666666667
RNU4ATAC	ddG_duplex_loss	30	24	0.53125	0.8334285487788698	0.125
RNU4ATAC	paired_wt	30	24	0.3888888888888889	0.7820596349347694	0.08333333333333333
RNU4ATAC	max_protein_res	26	21	0.6952380952380952	0.8736763236763238	0.0
RNU4ATAC	frac_states_snrna_contact	26	21	0.40476190476190477	0.7927350427350427	0.0
RNU4ATAC	depletion_neg_oe	30	24	0.4375	0.8380937571037789	0.25
RNU4ATAC	snrnavep_gbm	30	24	0.6493055555555556	0.9065015444325789	0.4166666666666667
RNU4ATAC	snrnavep_logistic	30	24	0.75	0.9336211127535612	0.4583333333333333
RNU7-1	abs_ddG_fold	16	5	0.3545454545454545	0.322967032967033	0.0
RNU7-1	ddG_duplex_loss	0	0			
RNU7-1	paired_wt	16	5	0.4636363636363636	0.3673992673992674	0.0
RNU7-1	max_protein_res	0	0			
RNU7-1	frac_states_snrna_contact	0	0			
RNU7-1	depletion_neg_oe	16	5	0.40909090909090906	0.3163003663003663	0.0
RNU7-1	snrnavep_gbm	16	5	0.8	0.7766666666666666	0.4
RNU7-1	snrnavep_logistic	16	5	0.7454545454545455	0.5911111111111111	0.2
