task	gene	score	n	n_pos	auroc	auprc	sens_at_95spec	ci_lo	ci_hi
anypath	RNU2-2P	cadd_phred	360	38	0.5512422360248448	0.1154780840900843	0.02631578947368421	0.46664657567832624	0.6308045930042497
anypath	RNU2-2P	phylop447	404	48	0.630120552434457	0.1612862814416001	0.020833333333333332	0.5602469569288389	0.703740929307116
anypath	RNU2-2P	max_protein_res	383	48	0.6581156716417911	0.21174508731411013	0.08333333333333333	0.5815314054726368	0.7351026119402984
anypath	RNU2-2P	frac_states_protein_contact	383	48	0.632773631840796	0.1717337000821479	0.0	0.5502409825870647	0.7099673507462686
anypath	RNU2-2P	frac_states_snrna_contact	383	48	0.6063432835820896	0.2044143617710812	0.125	0.5339225746268657	0.6822838930348258
anypath	RNU2-2P	abs_ddG_fold	404	48	0.588629447565543	0.27770851905035493	0.1875	0.5017263576779026	0.6727974309456928
anypath	RNU2-2P	paired_wt	404	48	0.5337371254681648	0.12902479277634485	0.0625	0.4525017556179775	0.6112249824438202
anypath	RNU2-2P	model_logistic_full	404	48	0.6164267322097379	0.23421436677154073	0.1875	0.5293963600187266	0.7035587839419475
anypath	RNU2-2P	model_logistic_contacts_only	404	48	0.6160463483146067	0.264727421960075	0.2708333333333333	0.523975158005618	0.7119850187265916
anypath	RNU2-2P	model_logistic_no_contacts	404	48	0.5580231741573033	0.14206619749178456	0.041666666666666664	0.47357209737827716	0.6332828593164793
anypath	RNU2-2P	model_gbm_full	404	48	0.6173923220973783	0.20865549906872194	0.14583333333333334	0.5287804307116105	0.7036509538857678
anypath	RNU2-2P	model_gbm_contacts_only	404	48	0.4805711610486892	0.1119565627412476	0.0	0.402611481741573	0.5760797050561798
anypath	RNU2-2P	model_gbm_no_contacts	404	48	0.5821044007490638	0.14495953366488126	0.020833333333333332	0.4974360662453184	0.6593040437734082
anypath	RNU4-2	cadd_phred	348	22	0.6068739542665923	0.0798079746713715	0.0	0.5057009899609592	0.6944732989403235
anypath	RNU4-2	phylop447	364	31	0.46517485227162647	0.08739922431874238	0.0	0.38506611450159833	0.5408783783783784
anypath	RNU4-2	max_protein_res	353	31	0.6975556000801442	0.14849936294164867	0.06451612903225806	0.6073757763975155	0.7853423662592667
anypath	RNU4-2	frac_states_protein_contact	353	31	0.6976557804047285	0.1553384414770747	0.0	0.611888900020036	0.7839185533961129
anypath	RNU4-2	frac_states_snrna_contact	353	31	0.6742636746143057	0.14454162600102785	0.0	0.5914345822480465	0.7524256161089962
anypath	RNU4-2	abs_ddG_fold	364	31	0.4680809842100165	0.08587305026596442	0.0	0.3505231037489102	0.5960585585585585
anypath	RNU4-2	paired_wt	364	31	0.45640802092414995	0.07464636063090027	0.0	0.3857538990603507	0.535368836578514
anypath	RNU4-2	model_logistic_full	364	31	0.6489392618424877	0.16593308532157422	0.22580645161290322	0.5401336820691659	0.7516661823113436
anypath	RNU4-2	model_logistic_contacts_only	364	31	0.6505376344086021	0.13110063842720343	0.03225806451612903	0.5424380025186476	0.7458236462268719
anypath	RNU4-2	model_logistic_no_contacts	364	31	0.6896251089799477	0.2380289671063787	0.22580645161290322	0.5678702896444832	0.790395233943621
anypath	RNU4-2	model_gbm_full	364	31	0.6884626562045917	0.14462456497244797	0.06451612903225806	0.5932057057057056	0.7840562336530078
anypath	RNU4-2	model_gbm_contacts_only	364	31	0.49690012593238403	0.08176074225839919	0.0	0.41617141334883273	0.5774532597113242
anypath	RNU4-2	model_gbm_no_contacts	364	31	0.7231424973360457	0.19897644921028348	0.0967741935483871	0.6252349123316865	0.8090695534243921
anypath	RNU5B-1	cadd_phred	199	3	0.9166666666666666	0.11638361638361638	0.3333333333333333	0.8545493197278912	0.9625850340136054
anypath	RNU5B-1	phylop447	218	5	0.7436619718309859	0.05383331788263651	0.0	0.6541666666666667	0.8274765258215963
anypath	RNU5B-1	max_protein_res	214	5	0.691866028708134	0.048782496150917204	0.0	0.4748205741626794	0.8397129186602871
anypath	RNU5B-1	frac_states_protein_contact	214	5	0.48086124401913877	0.02732910848549946	0.0	0.37557416267942584	0.5794497607655502
anypath	RNU5B-1	frac_states_snrna_contact	214	5	0.7	0.41401869158878507	0.4	0.5	0.9
anypath	RNU5B-1	abs_ddG_fold	218	5	0.3995305164319249	0.026516980524706264	0.0	0.2082042253521127	0.638838028169014
anypath	RNU5B-1	paired_wt	218	5	0.10892018779342724	0.015837476607328673	0.0	0.029107981220657265	0.24158450704225348
anypath	RNU5B-1	model_logistic_full	218	5	0.6206572769953052	0.24185616921000905	0.2	0.3024647887323944	0.8845539906103286
anypath	RNU5B-1	model_logistic_contacts_only	218	5	0.7943661971830986	0.3143148242485991	0.4	0.5424530516431925	0.9680985915492958
anypath	RNU5B-1	model_logistic_no_contacts	218	5	0.6300469483568075	0.03911171285057499	0.0	0.4220422535211268	0.7990610328638498
anypath	RNU5B-1	model_gbm_full	218	5	0.13615023474178406	0.015523789044723967	0.0	0.06943661971830987	0.2094366197183098
anypath	RNU5B-1	model_gbm_contacts_only	218	5	0.4056338028169014	0.023681889717907925	0.0	0.25907276995305173	0.5408333333333332
anypath	RNU5B-1	model_gbm_no_contacts	218	5	0.2591549295774648	0.01859441350504699	0.0	0.1374882629107981	0.4268309859154929
