structure	population	delta_rho	lo	hi	p
snrnavep_v2	constraint_1_minus_oe	0.199253531892009	0.05662061316802893	0.3413807166176007	0.006
nb_frac_prot	constraint_1_minus_oe	0.23079849820434245	0.093412062225064	0.363161179807494	0.002
snrnavep_v2	pop_density_pos	0.2567456211487772	0.11948025988329926	0.38733902324036124	0.0
nb_frac_prot	pop_density_pos	0.28829058746111064	0.17101126373585515	0.40950821014943534	0.0
snrnavep_v2	pop_density_w2	0.14679659448397625	0.012132399945651622	0.2809286072350678	0.028
nb_frac_prot	pop_density_w2	0.1783415607963097	0.05971559298611593	0.3004561470744452	0.002
snrnavep_v2	cadd_phred	0.2518228079522756	0.053136976461796805	0.4391259181747705	0.01
nb_frac_prot	cadd_phred	0.3337995072888955	0.1438793291366318	0.5254054057864249	0.0
snrnavep_v2	phylop447	0.40884290626775965	0.24447501102656052	0.5566654556075147	0.0
nb_frac_prot	phylop447	0.4403878725800931	0.27138452312751	0.6038604798212841	0.0
