	dominant	recessive
ALL	0.8067604738839587	0.635405540574435
state:B	0.5514962848558674	0.6086778204477863
LOSO:-B	0.7901597713077699	0.618943973738937
state:Bact	0.791558767957995	0.6313233686362052
LOSO:-Bact	0.7920623933849591	0.6237533739690877
state:Bact-mature	0.793344313327617	0.6405736214571547
LOSO:-Bact-mature	0.7910302501483528	0.6197886879436458
state:C*	0.7522123413599491	0.6076746300796797
LOSO:-C*	0.8107104506877078	0.6307755780362034
state:P	0.6887654517737059	0.5988155844122325
LOSO:-P	0.8056646572368444	0.6239336700845732
state:U2-snRNP	0.5871039963276458	0.6255217931624985
LOSO:-U2-snRNP	0.8125254111016686	0.6439847448558935
state:minor-Bact	0.7484782306636487	0.6746701857535141
LOSO:-minor-Bact	0.7935629664443062	0.6081287894287333
state:minor-preB	0.582323462094423	0.648130942444392
LOSO:-minor-preB	0.8209595997251853	0.6441648701046647
state:pre-B	0.6084498190020846	0.6036687294292786
LOSO:-pre-B	0.7943686791407699	0.6342870897383748
state:tri-snRNP	0.6544160775537169	0.637132554914363
LOSO:-tri-snRNP	0.8175465854314637	0.6357351549927925
NESTED single state	0.5930562049604329	0.6478844714677998
ORACLE single state	0.793344313327617	0.6746701857535141
NESTED single state, covering family (exploratory)	0.6012300667416772	0.6880872975646816
