dominant	recessive
0.6676983494149167	0.6009661439353945
0.6677488213248062	0.63167787910156
0.6177380640440124	0.6150373035357733
0.44762758424128424	0.5518311786964358
0.6553200966728097	0.6183104616247623
0.6159595728104514	0.6370066943812602
0.36577301565104525	0.5525528635760908
0.4762254007694654	0.6056142505775053
0.6218924918563954	0.6251101856477396
0.5546359118343589	0.5612450113435885
0.5779456743650789	0.60068661553405
0.7117934983489262	0.6583124466004308
0.4718306581129341	0.6082887833178161
0.6323101498103337	0.5836971431079858
0.5326234949151829	0.5935863058665789
0.5475141197150863	0.4911756307947818
0.6585087050421192	0.6444272757000358
0.4962168676197356	0.5488586124182016
0.6275490539655727	0.5433553017297097
0.5117611116927562	0.6256538725510808
0.5226801476286922	0.6800697850242529
0.6284901808568721	0.6327790464711575
0.5492380115116031	0.6203673620800104
0.5767901900832922	0.6348341149027751
0.6065335241558478	0.6368410898889307
0.6358326577958819	0.5776832683870715
0.4774801935236527	0.6001748735769425
0.6455581576502227	0.6515659449073541
0.4174863647353185	0.6657114647862565
0.560273101311433	0.5902994607171328
0.5443485243844848	0.5641859825264687
0.6346669037251356	0.6157693776269747
0.5804751036596603	0.6158660461491532
0.48222483901191016	0.6559354213146765
0.6068621480090548	0.6146639890452925
0.5544729647208316	0.6229658615276494
0.5871571414265473	0.6103137599959917
0.5804974512492116	0.5808357004057987
0.6059193309603046	0.5764230234935471
0.44656104439925437	0.6292269455879953
0.5221553235712459	0.6463636176184534
0.6185083568875152	0.6472948329878566
0.7181712201377116	0.571228162964993
0.7800182740922494	0.5884130529043251
0.6445148017907145	0.6275182463249755
0.49261970563392576	0.6292050907458774
0.5642806924988443	0.5971159368074639
0.39274935631598973	0.6168380185581769
0.4915957983571305	0.6237136584459546
0.6550508566384675	0.6244941681413061
0.5204755747517233	0.6337084354641245
0.5131828762717934	0.650439658192066
0.5171273324103614	0.5932050681123228
0.6794497270174363	0.6749142823006536
0.4291911194436201	0.6245282230744547
0.4846784031775778	0.6004232260385824
0.6541391004064122	0.5860696503631209
0.41723387685461183	0.6270062645465972
0.36243480767926256	0.6030440472068462
0.4672686508932048	0.6419065298443065
0.7119038788115473	0.7166301519019774
0.6292831405539817	0.6426757228311664
0.5548959880265075	0.6374484711529818
0.5872104128747391	0.599336628217686
0.4760171771813276	0.5698950682391901
0.43429310109264807	0.6798393194220946
0.5648066819931692	0.6302899155228661
0.5563786483311259	0.6188464382629897
0.5324978733238642	0.6064642246903161
0.5101196958767015	0.558651612062873
0.529318991304347	0.6499872879717306
0.6462375378876439	0.5909665995345217
0.49559210838071344	0.6057843011753357
0.44478631174384803	0.5832635672131103
0.6618646952565261	0.598172482023796
0.5634325304289759	0.6146139099387442
0.6583140219588	0.6361052342725665
0.594366877023599	0.5965350283395947
0.5428678095836833	0.6333250882107513
0.7242694808729455	0.5998020194047172
0.6919679334056646	0.6061962422060113
0.6887565506094281	0.6333634530788481
0.6884624460369775	0.6619507525927183
0.46353466519664416	0.6228497968629535
0.4741076141582563	0.6205960377467084
0.6509582572121477	0.5880084703179325
0.6289629504874564	0.6466248238823331
0.4004230510330715	0.6597909124278944
0.6331931087942888	0.6003844525274977
0.6009920346811535	0.6099150504666704
0.40259404141702504	0.5653320540775948
0.694199023283443	0.6501974168264311
0.6035744555468057	0.5901783137651684
0.6456919608093864	0.6267420952880397
0.49178002676701826	0.5899051975247036
0.5438546849493809	0.5837627135879706
0.5899781520752323	0.5692580674347075
0.5494711314325058	0.620467595564016
0.6287240454145941	0.6324702774980204
0.6551007988572913	0.634917809486941
0.5576672592672561	0.6537341037959008
0.6915670021435611	0.5792897905493928
0.6448315296213414	0.6374007222051344
0.5144092673844542	0.6072137806439852
0.5199926075696182	0.6219442475414334
0.5965721433281532	0.5979924316456897
0.6772812258982774	0.6620214865157198
0.7308385123510077	0.671618030407634
0.4555375089027446	0.6150942105442683
0.4775493953414843	0.5922032248846086
0.5498951728030368	0.5956555529835035
0.5784998362579192	0.6223779185693321
0.5801628171947003	0.6107636070273936
0.3656553892539567	0.6216656734283748
0.547099754512478	0.652458151922438
0.5124067258222613	0.5613182652848394
0.6381415324023545	0.5987660961660592
0.6069538864355515	0.6068612087297336
0.587231105470416	0.5990894632428132
0.6687151946633492	0.6562295643297077
0.3817875311663027	0.6183510414125242
0.45789512452005887	0.5782997279256075
0.6540883584240471	0.6114103075666497
0.6453274218210155	0.5699165646501952
0.553183511359641	0.6010594081687426
0.4611774998906001	0.5581367165573659
0.5193474366970245	0.6365022866223975
0.5550502394317188	0.627374720086026
0.5349425641008363	0.6586020469698296
0.4445901207473756	0.6583627777482031
0.49688850839982945	0.611430988886768
0.666000857196755	0.598469225937657
0.6278859143165427	0.602833185223749
0.7227002882799313	0.6171692565480267
0.45929756889164064	0.6048714133592004
0.6037813680211009	0.6272499431825962
0.4029055913982277	0.626613859087229
0.5814785132816742	0.6150465031342556
0.6512558109230722	0.6012727109905465
0.5241070154645708	0.632097850023545
0.521818052094335	0.5990386360112214
0.4413641264168079	0.589208147382669
0.47737365073365723	0.5952588724854708
0.5952759384998818	0.6141798460587389
0.6459942416659681	0.6404013573092446
0.5950455502698226	0.5861065924321799
0.5798905176298162	0.5913135921396133
0.5921972886210009	0.613343795925886
0.6265645972109699	0.6038249382973165
0.4975033887780259	0.5930874540088492
0.46461250430190876	0.5996864528438226
0.5689231953050771	0.6383178035602262
0.5768247059344382	0.6497012362979879
0.5375783608686378	0.625812025973884
0.6528787757044927	0.6388112487453397
0.688313272322878	0.6508555368868859
0.38041882078656153	0.6084539613625485
0.3510110231383149	0.5574598667358301
0.603134940593612	0.5700990127407047
0.4789207603524989	0.559081277172498
0.5629880293309518	0.5769843062413755
0.46422343219303547	0.6108933748811339
0.5978472673546458	0.6512357825047721
0.4680401816040068	0.6189122879007372
0.6391800703703354	0.6142901011050557
0.6291161146441793	0.605910569457131
0.658830594146531	0.6284164576772007
0.4473804512957564	0.6019780247727073
0.5154813919401757	0.6478468566133981
0.5259525445726947	0.6240287724077519
0.579899662819626	0.6182610853593881
0.5165713025580809	0.6007137733105123
0.5933787960973405	0.6074687949250255
0.5498606914374825	0.5615376271521522
0.6485200915012868	0.6391353981992781
0.6373910683324486	0.645142005856644
0.6595216684827149	0.6260112446430377
0.5822195227895421	0.6154710338623393
0.4420452697531039	0.5900640529569233
0.4955561602001364	0.6299623094356719
0.4321904355278433	0.585422118798259
0.5021833230148119	0.5882231172970593
0.45948126770842346	0.6212731754938544
0.6024428607072296	0.6138764890489448
0.5446990277898567	0.6347575212370729
0.5479666648638479	0.6061817105804403
0.5521722065517467	0.6051249435037921
0.5221684185815032	0.6121307291945774
0.4625360110881425	0.6211456535912058
0.4299436284329951	0.6207307305855259
0.5923763039044442	0.5856310709352606
0.5983925169858977	0.6068459104740827
0.5595069163947766	0.5634847354121336
0.6993900580488573	0.6513031375481909
0.6202079842425042	0.6393291114230728
0.39492227268749774	0.5488272548051918
0.5271201442758375	0.5899150712843675
0.6471604146746677	0.5902219957199916
0.41653072801946706	0.605448267541796
0.5920542409406172	0.6551101956088149
