base	length	n_tracts_lr	n_insertions_lr	ins_per_tract_lr	rel_to_snv_lr	n_tracts_sr	n_insertions_sr	ins_per_tract_sr	rel_to_snv_sr	ratio_lr_over_sr
A	2	74938	55	0.0007339400571138808	0.20856494944980983	74938	407	0.0054311564226427	0.0942568183841385	2.2127306334467476
C	2	54073	51	0.000943169419118599	0.2680220003178741	54073	276	0.0051042109740535	0.0885827343823025	3.0256686270391406
G	2	56250	42	0.0007466666666666666	0.21218149095386946	56250	334	0.0059377777777777	0.1030491479258562	2.059031978668411
T	2	74589	51	0.0006837469331939026	0.19430148712529202	74589	486	0.0065157060692595	0.1130789975140856	1.7182809486888935
A	3	30375	16	0.0005267489711934157	0.14968711883870864	30375	191	0.0062880658436213	0.109128339176306	1.3716612931942134
C	3	13615	11	0.0008079324274697026	0.2295914826569203	13615	103	0.0075651854572163	0.1312925381250931	1.748701685073449
G	3	13478	7	0.0005193648909333729	0.14758877264375472	13478	120	0.0089033981302863	0.1545169969823367	0.9551620567711786
T	3	33930	21	0.000618921308576481	0.17587988308510402	33930	256	0.0075449454759799	0.1309412766096745	1.3431966423344712
A	4	10839	10	0.0009225943352707814	0.26217514500448463	10839	130	0.0119937263585201	0.2081491305260567	1.2595543605773785
C	4	3172	5	0.0015762925598991173	0.4479376413467227	3172	39	0.0122950819672131	0.2133791071032719	2.0992572676289645
G	4	3127	7	0.002238567316917173	0.6361373449608335	3127	84	0.026862807803006	0.4661995713877691	1.3645172239588268
T	4	10992	21	0.001910480349344978	0.5429043334313663	10992	163	0.0148289665211062	0.2573542530237546	2.1095603707829715
A	5	4332	6	0.0013850415512465374	0.39358952862930874	4332	121	0.0279316712834718	0.4847495197073715	0.8119441332647565
C	5	716	4	0.00558659217877095	1.5875510596109548	716	35	0.0488826815642458	0.8483508261927105	1.8713379071435339
G	5	695	7	0.010071942446043165	2.8621603995575917	695	50	0.0719424460431654	1.2485492118272985	2.2923889362508287
T	5	4390	14	0.0031890660592255125	0.9062421310672102	4390	152	0.0346241457858769	0.6008963040429878	1.5081506159544928
A	6	1130	19	0.016814159292035398	4.778107215696334	1130	224	0.1982300884955752	3.4402502884473245	1.3888836029580915
C	6	139	3	0.02158273381294964	6.13320085619484	139	34	0.2446043165467626	4.245067320212815	1.4447829430152284
G	6	141	5	0.03546099290780142	10.077008498948969	141	45	0.3191489361702128	5.538776822680676	1.8193562986117688
T	6	1155	12	0.01038961038961039	2.9524326199518014	1155	244	0.2112554112554112	3.666302603319018	0.8052888534838978
A	7	493	17	0.034482758620689655	9.799022057598652	493	205	0.4158215010141988	7.216513142194497	1.35786104237854
G	7	36	11	0.3055555555555556	86.83022323261028	36	38	1.0555555555555556	18.31899149131053	4.739901935856977
T	7	512	11	0.021484375	6.10525007104291	512	218	0.42578125	7.389362932966953	0.8262214383603905
A	8	177	15	0.0847457627118644	24.082342344945836	177	115	0.6497175141242938	11.275739633366872	2.1357660896746857
T	8	183	21	0.11475409836065574	32.60986029004142	183	140	0.7650273224043715	13.27692221975914	2.456131003125889
A	9	105	19	0.18095238095238095	51.42153479749388	105	82	0.780952380952381	13.553298968007187	3.7940235007635676
T	9	104	30	0.28846153846153844	81.97258836645025	104	100	0.9615384615384616	16.687340427307163	4.912262006251776
A	10	67	30	0.44776119402985076	127.2410326882213	67	66	0.9850746268656716	17.095806670602443	7.442821221593601
T	10	59	18	0.3050847457627119	86.69643244180503	59	50	0.847457627118644	14.707486478304618	5.894714407502132
A	11	44	18	0.4090909090909091	116.25203441060219	44	45	1.0227272727272727	17.749262090863073	6.5496826750023684
T	11	39	19	0.48717948717948717	138.44259368556044	39	45	1.1538461538461535	20.024808512768598	6.913553934724722
T	12	34	21	0.6176470588235294	175.51777744345821	34	48	1.411764705882353	24.50094218032864	7.16371542578384
