base	length	n_tracts	n_insertions	ins_per_tract	rel_to_snv
A	2	74938	407	0.005431156422642718	0.09425681838413857
C	2	54073	276	0.005104210974053594	0.08858273438230259
G	2	56250	334	0.005937777777777778	0.10304914792585629
T	2	74589	486	0.006515706069259542	0.11307899751408562
A	3	30375	191	0.006288065843621399	0.109128339176306
C	3	13615	103	0.007565185457216306	0.13129253812509317
G	3	13478	120	0.008903398130286393	0.1545169969823367
T	3	33930	256	0.0075449454759799585	0.13094127660967458
A	4	10839	130	0.01199372635852016	0.2081491305260567
C	4	3172	39	0.012295081967213115	0.2133791071032719
G	4	3127	84	0.026862807803006077	0.4661995713877691
T	4	10992	163	0.01482896652110626	0.2573542530237546
A	5	4332	121	0.027931671283471838	0.4847495197073715
C	5	716	35	0.04888268156424581	0.8483508261927105
G	5	695	50	0.07194244604316546	1.2485492118272985
T	5	4390	152	0.03462414578587699	0.6008963040429878
A	6	1130	224	0.19823008849557522	3.4402502884473245
C	6	139	34	0.2446043165467626	4.245067320212815
G	6	141	45	0.3191489361702128	5.538776822680676
T	6	1155	244	0.21125541125541125	3.666302603319018
A	7	493	205	0.4158215010141988	7.216513142194497
G	7	36	38	1.0555555555555556	18.31899149131053
T	7	512	218	0.42578125	7.389362932966953
A	8	177	115	0.6497175141242938	11.275739633366873
T	8	183	140	0.7650273224043715	13.276922219759141
A	9	105	82	0.780952380952381	13.553298968007189
T	9	104	100	0.9615384615384616	16.687340427307163
A	10	67	66	0.9850746268656716	17.095806670602443
T	10	59	50	0.847457627118644	14.707486478304618
A	11	44	45	1.0227272727272727	17.749262090863073
T	11	39	45	1.1538461538461537	20.024808512768594
T	12	34	48	1.411764705882353	24.500942180328636
