base	length	n_tracts	n_extending	n_non_extending	rel_extending	rel_non_extending	rel_any
A	2	74938	120	287	0.027790708123087537	0.06646611026105104	0.09425681838413857
C	2	54073	46	230	0.014763789063717099	0.0738189453185855	0.08858273438230259
G	2	56250	66	268	0.02036300527876202	0.08268614264709427	0.10304914792585629
T	2	74589	139	347	0.03234152398036605	0.08073747353371957	0.11307899751408562
A	3	30375	85	106	0.04856496769626183	0.06056337148004417	0.109128339176306
C	3	13615	39	64	0.04971270861047217	0.08157982951462099	0.13129253812509317
G	3	13478	39	81	0.05021802401925942	0.10429897296307727	0.1545169969823367
T	3	33930	132	124	0.06751659575186347	0.06342468085781114	0.13094127660967458
A	4	10839	93	37	0.14890668568402518	0.05924244484203151	0.2081491305260567
C	4	3172	24	15	0.13131021975585963	0.08206888734741227	0.2133791071032719
G	4	3127	51	33	0.2830497397711455	0.18314983161662354	0.4661995713877691
T	4	10992	103	60	0.1626226261438449	0.09473162687990966	0.2573542530237546
A	5	4332	90	31	0.3605574939972185	0.12419202571015303	0.4847495197073715
C	5	716	23	12	0.5574876857837812	0.2908631404089293	0.8483508261927105
G	5	695	30	20	0.7491295270963791	0.4994196847309194	1.2485492118272985
T	5	4390	107	45	0.422999371924998	0.1778969321179898	0.6008963040429878
A	6	1130	214	10	3.2866676862844977	0.153582602162827	3.4402502884473245
C	6	139	27	7	3.371082871933706	0.8739844482791089	4.245067320212815
G	6	141	37	8	4.554105387537444	0.9846714351432312	5.538776822680676
T	6	1155	219	25	3.2906568447822333	0.3756457585367846	3.666302603319018
A	7	493	185	20	6.512463079541376	0.7040500626531216	7.216513142194497
G	7	36	24	14	11.569889362932965	6.749102128377563	18.31899149131053
T	7	512	194	24	6.575855087135729	0.8135078458312242	7.389362932966953
A	8	177	102	13	10.001090805247141	1.2746488281197337	11.275739633366873
T	8	183	113	27	10.716372934519878	2.560549285239263	13.276922219759141
A	9	105	64	18	10.578184560395856	2.975114407611334	13.553298968007189
T	9	104	72	28	12.014885107661158	4.672455319646005	16.687340427307163
A	10	67	45	21	11.656231820865303	5.4395748497371414	17.095806670602443
T	10	59	35	15	10.295240534813232	4.412245943491385	14.707486478304618
A	11	44	27	18	10.649557254517845	7.0997048363452295	17.749262090863073
T	11	39	26	19	11.569889362932965	8.454919149835629	20.024808512768594
T	12	34	25	23	12.760907385587831	11.740034794740804	24.500942180328636
