gene	feature	n_pos	spearman	p
all	abs_ddG_fold	3721	0.0028346920327768092	0.8627626807655278
all	ddG_duplex	1070	0.08564033911490822	0.005059111772971151
all	paired_wt	3721	0.009398753133705029	0.566547216472102
RMRP	abs_ddG_fold	268	0.05838295959076358	0.34103858347458466
RMRP	paired_wt	268	-0.08042857919922694	0.1893023808279159
RN7SK	abs_ddG_fold	328	-0.05884911238215119	0.28793839763790857
RN7SK	paired_wt	328	-0.10923408344454304	0.04807787250939461
RN7SL1	abs_ddG_fold	299	0.008533749027334867	0.8831739316066557
RN7SL1	paired_wt	299	-0.012485248639341508	0.8297718252148322
RN7SL2	abs_ddG_fold	300	-0.021813752626337748	0.7066992601998991
RN7SL2	paired_wt	300	-0.027455881975494013	0.6357467576132575
RNU11	abs_ddG_fold	134	-0.02947289788053846	0.7353250679097153
RNU11	paired_wt	134	-0.0777742310361177	0.3717387581626354
RNU12	abs_ddG_fold	150	0.17111535675555425	0.03629007270019181
RNU12	paired_wt	150	0.19465788640927942	0.016986562378801664
RNU2-2P	abs_ddG_fold	191	-0.01722608035133504	0.8130261153900971
RNU2-2P	paired_wt	191	-0.016026295145272495	0.8258337509512729
RNU4-1	abs_ddG_fold	141	-0.06946654074288447	0.4130624951460171
RNU4-1	ddG_duplex	141	-0.14720224733492562	0.08153078551515985
RNU4-1	paired_wt	141	-0.11122491462067526	0.1891680672052323
RNU4-2	abs_ddG_fold	141	-0.013028719833273653	0.8781326555146547
RNU4-2	ddG_duplex	141	0.09098347909391924	0.28328048363568775
RNU4-2	paired_wt	141	-0.07346426801693921	0.38662989346664095
RNU4ATAC	abs_ddG_fold	127	-0.20052872405939848	0.023789464424394485
RNU4ATAC	ddG_duplex	127	0.13854293839839443	0.12033634102719808
RNU4ATAC	paired_wt	127	-0.2410988518497853	0.006322217637457869
RNU5A-1	abs_ddG_fold	116	0.029834274950611417	0.7505487185599411
RNU5A-1	paired_wt	116	0.1660563913631846	0.07483020099748872
RNU5B-1	abs_ddG_fold	116	-0.03789928638670467	0.6862771084525684
RNU5B-1	paired_wt	116	-0.013781623732942078	0.8832645325532698
RNU5D-1	abs_ddG_fold	116	0.14963139863496602	0.10889802045387402
RNU5D-1	paired_wt	116	0.18555337715757506	0.046132238599315145
RNU5E-1	abs_ddG_fold	120	0.024912244573259645	0.7870945070296106
RNU5E-1	paired_wt	120	0.13125911521633446	0.15300077187143368
RNU5F-1	abs_ddG_fold	117	0.11965165054747172	0.19880751617511722
RNU5F-1	paired_wt	117	0.11072043399522266	0.2346663962443381
RNU6-1	abs_ddG_fold	107	0.15054540950029482	0.12167084058244218
RNU6-1	ddG_duplex	107	0.2804768413756884	0.00343161015032579
RNU6-1	paired_wt	107	0.1064773996355728	0.2750174352021112
RNU6-2	abs_ddG_fold	107	-0.1021754184090587	0.2949886870873372
RNU6-2	ddG_duplex	107	0.13976858963153263	0.15104377495778973
RNU6-2	paired_wt	107	0.08201571347401007	0.4010044886832676
RNU6-7	abs_ddG_fold	107	-0.06801691974361991	0.48635654687191526
RNU6-7	ddG_duplex	107	-0.09903398418572568	0.3101627216875249
RNU6-7	paired_wt	107	0.038176875413746904	0.6962343622812311
RNU6-8	abs_ddG_fold	107	-0.024828651651597654	0.7996098179909555
RNU6-8	ddG_duplex	107	0.06057622823418026	0.5353794844709735
RNU6-8	paired_wt	107	-0.002429514684848841	0.9801858148632285
RNU6-9	abs_ddG_fold	107	0.042601272931910496	0.6630595015174969
RNU6-9	ddG_duplex	107	0.23582567208685382	0.01447147937525649
RNU6-9	paired_wt	107	0.07558925527537766	0.43903399137507465
RNU6ATAC	abs_ddG_fold	126	-0.05073142511849755	0.5726541291742505
RNU6ATAC	ddG_duplex	126	0.10604272498517292	0.23728543855490092
RNU6ATAC	paired_wt	126	-0.015205122167429426	0.8658077858442953
RNU7-1	abs_ddG_fold	63	0.0791858160664612	0.5372995122027849
RNU7-1	paired_wt	63	0.004944375772914763	0.9693216328620549
RPPH1	abs_ddG_fold	333	-0.03919946794588325	0.47590304642949716
RPPH1	paired_wt	333	0.013169208000839922	0.8107781933432889
