gene	feature	n_pos	spearman	p_shift
RMRP	abs_ddG_fold	268	0.05838295959076358	0.7871485943775101
RMRP	paired_wt	268	-0.08042857919922694	0.18875502008032127
RN7SK	abs_ddG_fold	328	-0.05884911238215119	0.09385113268608414
RN7SK	paired_wt	328	-0.10923408344454304	0.042071197411003236
RN7SL1	abs_ddG_fold	299	0.008533749027334867	0.5678571428571428
RN7SL1	paired_wt	299	-0.012485248639341508	0.4928571428571429
RN7SL2	abs_ddG_fold	300	-0.021813752626337748	0.44483985765124556
RN7SL2	paired_wt	300	-0.027455881975494013	0.38434163701067614
RNU11	abs_ddG_fold	134	-0.02947289788053846	0.43478260869565216
RNU11	paired_wt	134	-0.0777742310361177	0.30434782608695654
RNU11	max_protein_res	124	0.16376262528701302	0.7904761904761904
RNU11	frac_states_protein_contact	124	0.054207044914293866	0.638095238095238
RNU11	frac_states_snrna_contact	124		0.009523809523809525
RNU11	max_protein_chains	124	0.16543488039695753	0.8095238095238095
RNU12	abs_ddG_fold	150	0.17111535675555425	1.0
RNU12	paired_wt	150	0.19465788640927942	1.0
RNU12	max_protein_res	125	-0.39896130204295643	0.02830188679245283
RNU12	frac_states_protein_contact	125	-0.30175289975587344	0.05660377358490566
RNU12	frac_states_snrna_contact	125	-0.09025248161148935	0.3490566037735849
RNU12	max_protein_chains	125	-0.3477228249801517	0.03773584905660377
RNU2-2P	abs_ddG_fold	191	-0.01722608035133504	0.47093023255813954
RNU2-2P	paired_wt	191	-0.016026295145272495	0.45930232558139533
RNU2-2P	max_protein_res	184	-0.20951631067856752	0.2787878787878788
RNU2-2P	frac_states_protein_contact	184	-0.177056079493764	0.32727272727272727
RNU2-2P	frac_states_snrna_contact	184	-0.6165559861677169	0.006060606060606061
RNU2-2P	max_protein_chains	184	-0.18348700166579326	0.30303030303030304
RNU4-1	abs_ddG_fold	141	-0.06946654074288447	0.319672131147541
RNU4-1	ddG_duplex	141	-0.14720224733492562	0.14754098360655737
RNU4-1	paired_wt	141	-0.11122491462067526	0.16393442622950818
RNU4-1	max_protein_res	137	0.22631519755216167	0.8389830508474576
RNU4-1	frac_states_protein_contact	137	0.22443779487062324	0.788135593220339
RNU4-1	frac_states_snrna_contact	137	-0.2153692537440352	0.025423728813559324
RNU4-1	max_protein_chains	137	0.28125973166286994	0.923728813559322
RNU4-2	abs_ddG_fold	141	-0.013028719833273653	0.47540983606557374
RNU4-2	ddG_duplex	141	0.09098347909391924	0.7295081967213115
RNU4-2	paired_wt	141	-0.07346426801693921	0.319672131147541
RNU4-2	max_protein_res	137	-0.19263690395007452	0.1016949152542373
RNU4-2	frac_states_protein_contact	137	-0.14391365531938557	0.17796610169491525
RNU4-2	frac_states_snrna_contact	137	-0.19899004645096532	0.23728813559322035
RNU4-2	max_protein_chains	137	-0.14605243705535428	0.2033898305084746
RNU4ATAC	abs_ddG_fold	127	-0.20052872405939848	0.1388888888888889
RNU4ATAC	ddG_duplex	127	0.13854293839839443	0.9444444444444444
RNU4ATAC	paired_wt	127	-0.2410988518497853	0.05555555555555555
RNU4ATAC	max_protein_res	111	-0.11121874819444691	0.25
RNU4ATAC	frac_states_protein_contact	111	-0.04432846520925691	0.4673913043478261
RNU4ATAC	frac_states_snrna_contact	111	-0.03656841279524668	0.532608695652174
RNU4ATAC	max_protein_chains	111	-0.1299930098197717	0.2826086956521739
RNU5A-1	abs_ddG_fold	116	0.029834274950611417	0.4536082474226804
RNU5A-1	paired_wt	116	0.1660563913631846	0.7938144329896907
RNU5A-1	max_protein_res	114	-0.22655259549830456	0.09473684210526316
RNU5A-1	frac_states_protein_contact	114	-0.22084630516333237	0.05263157894736842
RNU5A-1	frac_states_snrna_contact	114	-0.3011487147978338	0.010526315789473684
RNU5A-1	max_protein_chains	114	-0.22488868769416434	0.09473684210526316
RNU5B-1	abs_ddG_fold	116	-0.03789928638670467	0.422680412371134
RNU5B-1	paired_wt	116	-0.013781623732942078	0.5051546391752577
RNU5B-1	max_protein_res	114	-0.19639656583665943	0.24210526315789474
RNU5B-1	frac_states_protein_contact	114	-0.1611323815196035	0.23157894736842105
RNU5B-1	frac_states_snrna_contact	114	-0.2955195246356544	0.010526315789473684
RNU5B-1	max_protein_chains	114	-0.14390002335180302	0.12631578947368421
RNU5D-1	abs_ddG_fold	116	0.14963139863496602	0.7525773195876289
RNU5D-1	paired_wt	116	0.18555337715757506	0.7835051546391752
RNU5D-1	max_protein_res	114	0.13400518680553208	0.7368421052631579
RNU5D-1	frac_states_protein_contact	114	0.15150649500164168	0.7473684210526316
RNU5D-1	frac_states_snrna_contact	114	-0.020862508884521246	0.5157894736842106
RNU5D-1	max_protein_chains	114	0.30120814743475577	0.9157894736842105
RNU5E-1	abs_ddG_fold	120	0.024912244573259645	0.6039603960396039
RNU5E-1	paired_wt	120	0.13125911521633446	0.7029702970297029
RNU5E-1	max_protein_res	114	-0.005337861040972597	0.3894736842105263
RNU5E-1	frac_states_protein_contact	114	0.11174671773826876	0.7578947368421053
RNU5E-1	frac_states_snrna_contact	114	-0.3114892008604889	0.010526315789473684
RNU5E-1	max_protein_chains	114	0.11585452841248887	0.7052631578947368
RNU5F-1	abs_ddG_fold	117	0.11965165054747172	0.7755102040816326
RNU5F-1	paired_wt	117	0.11072043399522266	0.7448979591836735
RNU5F-1	max_protein_res	113	-0.06400661485166842	0.3404255319148936
RNU5F-1	frac_states_protein_contact	113	-0.0314123520061363	0.43617021276595747
RNU5F-1	frac_states_snrna_contact	113	-0.2849876978626215	0.010638297872340425
RNU5F-1	max_protein_chains	113	0.03560520720000163	0.4574468085106383
RNU6-1	abs_ddG_fold	107	0.15054540950029482	0.9545454545454546
RNU6-1	ddG_duplex	107	0.2804768413756884	0.9090909090909091
RNU6-1	paired_wt	107	0.1064773996355728	0.7613636363636364
RNU6-1	max_protein_res	102	-0.17483212970590384	0.1566265060240964
RNU6-1	frac_states_protein_contact	102	0.12637488409650025	0.7590361445783133
RNU6-1	frac_states_snrna_contact	102	0.011197620473260589	0.6024096385542169
RNU6-1	max_protein_chains	102	-0.07705033972257669	0.37349397590361444
RNU6-2	abs_ddG_fold	107	-0.1021754184090587	0.26136363636363635
RNU6-2	ddG_duplex	107	0.13976858963153263	0.8409090909090909
RNU6-2	paired_wt	107	0.08201571347401007	0.7272727272727273
RNU6-2	max_protein_res	102	0.2812316734888922	1.0
RNU6-2	frac_states_protein_contact	102	0.3840836451822562	1.0
RNU6-2	frac_states_snrna_contact	102	0.22713131926463823	0.927710843373494
RNU6-2	max_protein_chains	102	0.2237580417158956	0.9397590361445783
RNU6-7	abs_ddG_fold	107	-0.06801691974361991	0.2727272727272727
RNU6-7	ddG_duplex	107	-0.09903398418572568	0.3977272727272727
RNU6-7	paired_wt	107	0.038176875413746904	0.6477272727272727
RNU6-7	max_protein_res	102	0.30805066938449394	0.9156626506024096
RNU6-7	frac_states_protein_contact	102	0.5310237633488754	1.0
RNU6-7	frac_states_snrna_contact	102	-0.00900993855231662	0.42168674698795183
RNU6-7	max_protein_chains	102	0.32294212570308584	0.9036144578313253
RNU6-8	abs_ddG_fold	107	-0.024828651651597654	0.4659090909090909
RNU6-8	ddG_duplex	107	0.06057622823418026	0.5909090909090909
RNU6-8	paired_wt	107	-0.002429514684848841	0.5568181818181818
RNU6-8	max_protein_res	102	0.07907651827913707	0.5783132530120482
RNU6-8	frac_states_protein_contact	102	0.3041496727873612	0.9397590361445783
RNU6-8	frac_states_snrna_contact	102	-0.06529266419496126	0.4578313253012048
RNU6-8	max_protein_chains	102	0.020133816176458524	0.46987951807228917
RNU6-9	abs_ddG_fold	107	0.042601272931910496	0.75
RNU6-9	ddG_duplex	107	0.23582567208685382	0.8181818181818182
RNU6-9	paired_wt	107	0.07558925527537766	0.7386363636363636
RNU6-9	max_protein_res	102	-0.023225708243394406	0.37349397590361444
RNU6-9	frac_states_protein_contact	102	0.15890905485972623	0.7710843373493976
RNU6-9	frac_states_snrna_contact	102	0.2508302704098006	0.9397590361445783
RNU6-9	max_protein_chains	102	-0.0644740505755769	0.3373493975903614
RNU6ATAC	abs_ddG_fold	126	-0.05073142511849755	0.37383177570093457
RNU6ATAC	ddG_duplex	126	0.10604272498517292	0.7383177570093458
RNU6ATAC	paired_wt	126	-0.015205122167429426	0.45794392523364486
RNU6ATAC	max_protein_res	69	-0.19759060589891944	0.04
RNU6ATAC	frac_states_protein_contact	69	-0.13495698748408677	0.4
RNU6ATAC	frac_states_snrna_contact	69	0.2175705148936037	0.82
RNU6ATAC	max_protein_chains	69	-0.17036359187400144	0.14
RNU7-1	abs_ddG_fold	63	0.0791858160664612	0.8181818181818182
RNU7-1	paired_wt	63	0.004944375772914763	0.8181818181818182
RPPH1	abs_ddG_fold	333	-0.03919946794588325	0.31528662420382164
RPPH1	paired_wt	333	0.013169208000839922	0.5222929936305732
