unit	ctx	state	auroc	n_pos	frac_path_contact	frac_ctrl_contact
RNU4-2	dominant	B	0.6444529206625981	31	0.6774193548387096	0.3885135135135135
RNU4-2	dominant	minor-preB	0.5609794628751974	15	0.7333333333333333	0.6113744075829384
RNU4-2	dominant	pre-B	0.5968992248062015	36	0.8333333333333334	0.6395348837209303
RNU4-2	dominant	tri-snRNP	0.6050249687890137	36	0.8055555555555556	0.5955056179775281
RNU2-2P	dominant	B	0.6148936170212765	10	0.4	0.1702127659574468
RNU2-2P	dominant	Bact-mature	0.6574358974358975	25	0.52	0.20512820512820512
RNU2-2P	dominant	C*	0.49076923076923074	25	0.52	0.5384615384615384
RNU2-2P	dominant	P	0.3940540540540541	25	0.68	0.8918918918918919
RNU2-2P	dominant	U2-snRNP	0.5617433414043583	21	0.42857142857142855	0.3050847457627119
RNU2-2P	dominant	minor-Bact	0.875	6	1.0	0.25
RNU2-2P	dominant	pre-B	0.5216450216450217	21	0.6190476190476191	0.5757575757575758
RNU5B-1	dominant	B	0.40476190476190477	7	0.14285714285714285	0.3333333333333333
RNU5B-1	dominant	Bact	0.7063492063492064	7	0.8571428571428571	0.4444444444444444
RNU5B-1	dominant	Bact-mature	0.6206244087038788	7	0.8571428571428571	0.6158940397350994
RNU5B-1	dominant	C*	0.564333017975402	7	0.8571428571428571	0.7284768211920529
RNU5B-1	dominant	P	0.5458015267175573	7	1.0	0.9083969465648855
RNU5B-1	dominant	minor-Bact	0.6920731707317074	7	1.0	0.6158536585365854
RNU5B-1	dominant	minor-preB	0.18719211822660098	7	0.0	0.625615763546798
RNU5B-1	dominant	pre-B	0.17326732673267325	4	0.0	0.6534653465346535
RNU5B-1	dominant	tri-snRNP	0.1748768472906404	7	0.0	0.6502463054187192
RNU6	dominant	B	0.8392116182572614	4	1.0	0.3215767634854772
RNU6	dominant	Bact	0.8046558704453441	4	1.0	0.39068825910931176
RNU6	dominant	Bact-mature	0.7289156626506024	4	1.0	0.5421686746987951
RNU6	dominant	C*	0.6740812379110251	4	1.0	0.6518375241779497
RNU6	dominant	P	0.6692456479690523	4	1.0	0.6615087040618955
RNU6	dominant	minor-Bact	0.5827702702702703	4	1.0	0.8344594594594594
RNU6	dominant	minor-preB	0.7022727272727273	4	1.0	0.5954545454545455
RNU6	dominant	pre-B	0.6226415094339622	4	1.0	0.7547169811320755
RNU6	dominant	tri-snRNP	0.6301886792452831	4	1.0	0.7396226415094339
RNU4-2	recessive	B	0.6145667726550079	34	0.6176470588235294	0.3885135135135135
RNU4-2	recessive	minor-preB	0.5871699390656737	28	0.7857142857142857	0.6113744075829384
RNU4-2	recessive	pre-B	0.5772913816689466	34	0.7941176470588235	0.6395348837209303
RNU4-2	recessive	tri-snRNP	0.5846001321877066	34	0.7647058823529411	0.5955056179775281
RNU2-2P	recessive	B	0.5638297872340425	47	0.2978723404255319	0.1702127659574468
RNU2-2P	recessive	Bact-mature	0.5963606286186931	93	0.3978494623655914	0.20512820512820512
RNU2-2P	recessive	C*	0.456959706959707	84	0.4523809523809524	0.5384615384615384
RNU2-2P	recessive	P	0.43530405405405403	80	0.7625	0.8918918918918919
RNU2-2P	recessive	U2-snRNP	0.49245762711864405	100	0.29	0.3050847457627119
RNU2-2P	recessive	minor-Bact	0.7398648648648649	37	0.7297297297297297	0.25
RNU2-2P	recessive	pre-B	0.5121212121212121	70	0.6	0.5757575757575758
RNU4ATAC	recessive	B	0.6428571428571428	42	0.5714285714285714	0.2857142857142857
RNU4ATAC	recessive	minor-preB	0.5613553113553114	42	0.7380952380952381	0.6153846153846154
RNU4ATAC	recessive	pre-B	0.5943223443223443	42	0.8809523809523809	0.6923076923076923
RNU4ATAC	recessive	tri-snRNP	0.5705128205128206	42	0.8333333333333334	0.6923076923076923
RNU12	recessive	B	0.6785714285714286	7	0.42857142857142855	0.07142857142857142
RNU12	recessive	Bact-mature	0.7000000000000001	4	0.5	0.1
RNU12	recessive	C*	0.784090909090909	4	0.75	0.18181818181818182
RNU12	recessive	U2-snRNP	0.6373626373626373	7	0.42857142857142855	0.15384615384615385
