human_gene_symbol,mouse_marker_symbol,mp_term_id,mp_term_name,p_value,top_level_category
ABCA2,Abca2,MP:0001399,hyperactivity,2.37565522809291e-12,['behavior/neurological phenotype']
ABCA2,Abca2,MP:0001399,hyperactivity,2.79356205945547e-07,['behavior/neurological phenotype']
ABCA2,Abca2,MP:0001399,hyperactivity,4.21209416789914e-06,['behavior/neurological phenotype']
ABCA2,Abca2,MP:0001399,hyperactivity,7.64779775241919e-06,['behavior/neurological phenotype']
ABCA2,Abca2,MP:0001415,increased exploration in new environment,1.23164263370334e-05,['behavior/neurological phenotype']
ABCA2,Abca2,MP:0001399,hyperactivity,1.41048144206568e-05,['behavior/neurological phenotype']
ABCA2,Abca2,MP:0001399,hyperactivity,1.42491891876873e-05,['behavior/neurological phenotype']
ABCA2,Abca2,MP:0010053,decreased grip strength,1.48128282865638e-05,['behavior/neurological phenotype']
ABCA2,Abca2,MP:0001399,hyperactivity,2.74663167089129e-05,['behavior/neurological phenotype']
ABCA2,Abca2,MP:0001399,hyperactivity,2.80270381025627e-05,['behavior/neurological phenotype']
ABCA2,Abca2,MP:0010053,decreased grip strength,2.89761286292355e-05,['behavior/neurological phenotype']
AFF3,Aff3,MP:0010053,decreased grip strength,5.00535223957757e-05,['behavior/neurological phenotype']
AMBRA1,Ambra1,MP:0003720,abnormal neural tube closure,0.0,"['embryo phenotype', 'nervous system phenotype']"
AMBRA1,Ambra1,MP:0003720,abnormal neural tube closure,0.0,"['embryo phenotype', 'nervous system phenotype']"
AMBRA1,Ambra1,MP:0000841,abnormal hindbrain morphology,0.0,['nervous system phenotype']
AMBRA1,Ambra1,MP:0000897,abnormal midbrain morphology,0.0,['nervous system phenotype']
AMBRA1,Ambra1,MP:0003054,spina bifida,0.0,"['embryo phenotype', 'nervous system phenotype']"
AMBRA1,Ambra1,MP:0009142,decreased prepulse inhibition,1.09045763678325e-05,['nervous system phenotype']
AMBRA1,Ambra1,MP:0009142,decreased prepulse inhibition,8.11292271112318e-05,['nervous system phenotype']
ASAP2,Asap2,MP:0009142,decreased prepulse inhibition,2.79720839025794e-05,['nervous system phenotype']
ASAP2,Asap2,MP:0009142,decreased prepulse inhibition,5.18994695395229e-05,['nervous system phenotype']
ASAP2,Asap2,MP:0009142,decreased prepulse inhibition,8.1879209583296e-05,['nervous system phenotype']
ATRN,Atrn,MP:0010053,decreased grip strength,2.97722057229377e-05,['behavior/neurological phenotype']
BACH2,Bach2,MP:0001417,decreased exploration in new environment,3.33377332268208e-19,['behavior/neurological phenotype']
BACH2,Bach2,MP:0011940,decreased food intake,6.74600889644765e-15,['behavior/neurological phenotype']
BACH2,Bach2,MP:0001513,limb grasping,2.2087962046437e-11,['behavior/neurological phenotype']
BACH2,Bach2,MP:0011940,decreased food intake,6.03738947489623e-11,['behavior/neurological phenotype']
BACH2,Bach2,MP:0002757,decreased vertical activity,1.9408676073357e-09,['behavior/neurological phenotype']
BACH2,Bach2,MP:0008259,abnormal optic disk morphology,4.3704875145478e-09,"['nervous system phenotype', 'vision/eye phenotype']"
BACH2,Bach2,MP:0002757,decreased vertical activity,1.75891121607339e-08,['behavior/neurological phenotype']
BACH2,Bach2,MP:0009142,decreased prepulse inhibition,6.28202998008563e-08,['nervous system phenotype']
BACH2,Bach2,MP:0009142,decreased prepulse inhibition,7.43763324192432e-08,['nervous system phenotype']
BACH2,Bach2,MP:0009142,decreased prepulse inhibition,8.0367767606785e-08,['nervous system phenotype']
BACH2,Bach2,MP:0008259,abnormal optic disk morphology,2.16450965721688e-07,"['nervous system phenotype', 'vision/eye phenotype']"
BACH2,Bach2,MP:0009142,decreased prepulse inhibition,1.41945382000246e-06,['nervous system phenotype']
BACH2,Bach2,MP:0001399,hyperactivity,2.26129865894174e-06,['behavior/neurological phenotype']
BACH2,Bach2,MP:0009142,decreased prepulse inhibition,3.19461034401765e-06,['nervous system phenotype']
BACH2,Bach2,MP:0001399,hyperactivity,2.30090164768298e-05,['behavior/neurological phenotype']
BACH2,Bach2,MP:0001399,hyperactivity,2.40243818385721e-05,['behavior/neurological phenotype']
BACH2,Bach2,MP:0001399,hyperactivity,2.85770740145776e-05,['behavior/neurological phenotype']
BAP1,Bap1,MP:0001529,abnormal vocalization,3.55074578673966e-06,['behavior/neurological phenotype']
BAZ1A,Baz1a,MP:0001417,decreased exploration in new environment,2.73007871913755e-05,['behavior/neurological phenotype']
BRD7,Brd7,MP:0004924,abnormal behavior,1.07861211013621e-06,['behavior/neurological phenotype']
BRD7,Brd7,MP:0004924,abnormal behavior,2.53397282337905e-06,['behavior/neurological phenotype']
BRD7,Brd7,MP:0004924,abnormal behavior,7.16023204670426e-06,['behavior/neurological phenotype']
BRD7,Brd7,MP:0000745,tremors,7.32838109131046e-06,['behavior/neurological phenotype']
BRD7,Brd7,MP:0004924,abnormal behavior,1.13322614985944e-05,['behavior/neurological phenotype']
BRD7,Brd7,MP:0004924,abnormal behavior,6.59408398158366e-05,['behavior/neurological phenotype']
BRD7,Brd7,MP:0001529,abnormal vocalization,9.39248690711997e-05,['behavior/neurological phenotype']
BZW1,Bzw1,MP:0001399,hyperactivity,7.06263819614639e-07,['behavior/neurological phenotype']
BZW1,Bzw1,MP:0001399,hyperactivity,1.04525753519269e-06,['behavior/neurological phenotype']
BZW1,Bzw1,MP:0001399,hyperactivity,2.60733671076069e-06,['behavior/neurological phenotype']
BZW1,Bzw1,MP:0001399,hyperactivity,2.66029860275113e-06,['behavior/neurological phenotype']
BZW1,Bzw1,MP:0001399,hyperactivity,2.98446693928596e-06,['behavior/neurological phenotype']
BZW1,Bzw1,MP:0001399,hyperactivity,1.11907569628755e-05,['behavior/neurological phenotype']
BZW1,Bzw1,MP:0001399,hyperactivity,4.1290830445336e-05,['behavior/neurological phenotype']
BZW1,Bzw1,MP:0001399,hyperactivity,4.1885740658288e-05,['behavior/neurological phenotype']
CASKIN2,Caskin2,MP:0009142,decreased prepulse inhibition,3.43329026343073e-05,['nervous system phenotype']
CDH23,Cdh23,MP:0001408,stereotypic behavior,8.75983323622848e-21,['behavior/neurological phenotype']
CDH23,Cdh23,MP:0001408,stereotypic behavior,7.24999114328359e-20,['behavior/neurological phenotype']
CDH23,Cdh23,MP:0001512,trunk curl,7.24999114328359e-20,['behavior/neurological phenotype']
CDH23,Cdh23,MP:0006358,absent pinna reflex,1.05117998835812e-18,['behavior/neurological phenotype']
CDH23,Cdh23,MP:0006358,absent pinna reflex,2.9906213466259e-18,['behavior/neurological phenotype']
CDH23,Cdh23,MP:0001406,abnormal gait,1.02985036691676e-14,['behavior/neurological phenotype']
CDH23,Cdh23,MP:0001523,impaired righting response,2.68622563745587e-14,['behavior/neurological phenotype']
CDH23,Cdh23,MP:0001523,impaired righting response,2.75216913790204e-14,['behavior/neurological phenotype']
CDH23,Cdh23,MP:0001512,trunk curl,1.61065091511887e-13,['behavior/neurological phenotype']
CDH23,Cdh23,MP:0001406,abnormal gait,2.67405192201081e-13,['behavior/neurological phenotype']
CLUH,Cluh,MP:0008259,abnormal optic disk morphology,9.62931395315647e-06,"['nervous system phenotype', 'vision/eye phenotype']"
COL1A2,Col1a2,MP:0010053,decreased grip strength,1.40772044479046e-10,['behavior/neurological phenotype']
COL1A2,Col1a2,MP:0010053,decreased grip strength,1.23291318317461e-07,['behavior/neurological phenotype']
COL1A2,Col1a2,MP:0010053,decreased grip strength,7.16292567153037e-07,['behavior/neurological phenotype']
COL1A2,Col1a2,MP:0008259,abnormal optic disk morphology,3.08784643868838e-05,"['nervous system phenotype', 'vision/eye phenotype']"
COLEC12,Colec12,MP:0001891,hydrocephaly,0.0,['nervous system phenotype']
COLEC12,Colec12,MP:0009142,decreased prepulse inhibition,1.6343790487971e-06,['nervous system phenotype']
COLEC12,Colec12,MP:0009142,decreased prepulse inhibition,1.38043418525464e-05,['nervous system phenotype']
COLEC12,Colec12,MP:0001488,increased startle reflex,2.38361493781119e-05,['behavior/neurological phenotype']
COLEC12,Colec12,MP:0001488,increased startle reflex,4.58764108639298e-05,['behavior/neurological phenotype']
COLEC12,Colec12,MP:0009142,decreased prepulse inhibition,5.23571180716122e-05,['nervous system phenotype']
COLEC12,Colec12,MP:0001399,hyperactivity,5.90044285537772e-05,['behavior/neurological phenotype']
COX10,Cox10,MP:0001529,abnormal vocalization,4.4394265636814e-08,['behavior/neurological phenotype']
COX10,Cox10,MP:0001410,head bobbing,1.12773732980505e-06,['behavior/neurological phenotype']
COX10,Cox10,MP:0001529,abnormal vocalization,5.62039731466155e-06,['behavior/neurological phenotype']
CSMD3,Csmd3,MP:0001513,limb grasping,2.56097981650698e-05,['behavior/neurological phenotype']
CSMD3,Csmd3,MP:0010053,decreased grip strength,9.94944729282512e-05,['behavior/neurological phenotype']
CSNK1G1,Csnk1g1,MP:0001399,hyperactivity,1.05028910670534e-06,['behavior/neurological phenotype']
CSNK1G1,Csnk1g1,MP:0001399,hyperactivity,1.83428621593131e-06,['behavior/neurological phenotype']
CSNK1G1,Csnk1g1,MP:0001399,hyperactivity,2.79154993544681e-06,['behavior/neurological phenotype']
CSNK1G1,Csnk1g1,MP:0001399,hyperactivity,3.25734068003443e-06,['behavior/neurological phenotype']
CSNK1G1,Csnk1g1,MP:0001399,hyperactivity,3.29947309171829e-06,['behavior/neurological phenotype']
CSNK1G1,Csnk1g1,MP:0001399,hyperactivity,4.81949184994941e-06,['behavior/neurological phenotype']
CSNK1G1,Csnk1g1,MP:0001415,increased exploration in new environment,5.8617926522019e-06,['behavior/neurological phenotype']
CSNK1G1,Csnk1g1,MP:0001399,hyperactivity,7.7968917822417e-06,['behavior/neurological phenotype']
DDB1,Ddb1,MP:0001399,hyperactivity,2.97537326358191e-05,['behavior/neurological phenotype']
DLG5,Dlg5,MP:0003054,spina bifida,0.0,"['embryo phenotype', 'nervous system phenotype']"
DLG5,Dlg5,MP:0003054,spina bifida,0.0,"['embryo phenotype', 'nervous system phenotype']"
DLG5,Dlg5,MP:0001891,hydrocephaly,0.0,['nervous system phenotype']
DLG5,Dlg5,MP:0003054,spina bifida,0.0,"['embryo phenotype', 'nervous system phenotype']"
DLG5,Dlg5,MP:0002152,abnormal brain morphology,0.0,['nervous system phenotype']
DLG5,Dlg5,MP:0003054,spina bifida,0.0,"['embryo phenotype', 'nervous system phenotype']"
DNAH2,Dnah2,MP:0001399,hyperactivity,4.27261736185483e-05,['behavior/neurological phenotype']
DPP8,Dpp8,MP:0002757,decreased vertical activity,3.1704258793841e-06,['behavior/neurological phenotype']
DSCAML1,Dscaml1,MP:0001399,hyperactivity,1.2589256705582e-08,['behavior/neurological phenotype']
DSCAML1,Dscaml1,MP:0001392,abnormal locomotor behavior,1.38617412224217e-08,['behavior/neurological phenotype']
DSCAML1,Dscaml1,MP:0001399,hyperactivity,1.18889195962738e-07,['behavior/neurological phenotype']
DSCAML1,Dscaml1,MP:0001399,hyperactivity,1.41364740543978e-07,['behavior/neurological phenotype']
DSCAML1,Dscaml1,MP:0001399,hyperactivity,1.02279966490086e-06,['behavior/neurological phenotype']
DSCAML1,Dscaml1,MP:0001392,abnormal locomotor behavior,1.3238517802665e-06,['behavior/neurological phenotype']
DSCAML1,Dscaml1,MP:0001399,hyperactivity,4.18279715774303e-06,['behavior/neurological phenotype']
DSCAML1,Dscaml1,MP:0001399,hyperactivity,1.54905218303779e-05,['behavior/neurological phenotype']
DSCAML1,Dscaml1,MP:0001399,hyperactivity,1.74008297601556e-05,['behavior/neurological phenotype']
DSCAML1,Dscaml1,MP:0001399,hyperactivity,2.02176843638317e-05,['behavior/neurological phenotype']
DSCAML1,Dscaml1,MP:0001399,hyperactivity,2.71036135979524e-05,['behavior/neurological phenotype']
DSCAML1,Dscaml1,MP:0001417,decreased exploration in new environment,3.21723800971711e-05,['behavior/neurological phenotype']
DSP,Dsp,MP:0003720,abnormal neural tube closure,0.0,"['embryo phenotype', 'nervous system phenotype']"
DSP,Dsp,MP:0002151,abnormal neural tube morphology,0.0,"['embryo phenotype', 'nervous system phenotype']"
DSP,Dsp,MP:0002151,abnormal neural tube morphology,0.0,"['embryo phenotype', 'nervous system phenotype']"
DSP,Dsp,MP:0003720,abnormal neural tube closure,0.0,"['embryo phenotype', 'nervous system phenotype']"
DSP,Dsp,MP:0003864,abnormal midbrain development,0.0,['nervous system phenotype']
DSP,Dsp,MP:0002151,abnormal neural tube morphology,0.0,"['embryo phenotype', 'nervous system phenotype']"
DSP,Dsp,MP:0002151,abnormal neural tube morphology,0.0,"['embryo phenotype', 'nervous system phenotype']"
EDC4,Edc4,MP:0010052,increased grip strength,8.92058573459576e-12,['behavior/neurological phenotype']
ELMOD2,Elmod2,MP:0001417,decreased exploration in new environment,2.85614205560253e-05,['behavior/neurological phenotype']
ELMOD2,Elmod2,MP:0001406,abnormal gait,3.90796836616594e-05,['behavior/neurological phenotype']
ELOVL6,Elovl6,MP:0001417,decreased exploration in new environment,6.14140453306891e-08,['behavior/neurological phenotype']
ELOVL6,Elovl6,MP:0001513,limb grasping,3.29566557647212e-06,['behavior/neurological phenotype']
EPG5,Epg5,MP:0001399,hyperactivity,2.39008093808589e-18,['behavior/neurological phenotype']
EPG5,Epg5,MP:0001399,hyperactivity,1.35694377828149e-17,['behavior/neurological phenotype']
EPG5,Epg5,MP:0001399,hyperactivity,1.35694377828163e-17,['behavior/neurological phenotype']
EPG5,Epg5,MP:0001399,hyperactivity,9.08645776468472e-17,['behavior/neurological phenotype']
EPG5,Epg5,MP:0001399,hyperactivity,1.74104371901016e-16,['behavior/neurological phenotype']
EPG5,Epg5,MP:0001399,hyperactivity,2.0707859196907e-15,['behavior/neurological phenotype']
EPG5,Epg5,MP:0001399,hyperactivity,2.07078591969092e-15,['behavior/neurological phenotype']
EPG5,Epg5,MP:0001399,hyperactivity,2.34242251588306e-15,['behavior/neurological phenotype']
EPG5,Epg5,MP:0001399,hyperactivity,4.93285622249465e-15,['behavior/neurological phenotype']
EPG5,Epg5,MP:0009142,decreased prepulse inhibition,2.60509763704985e-14,['nervous system phenotype']
EPG5,Epg5,MP:0009142,decreased prepulse inhibition,4.06501506472007e-13,['nervous system phenotype']
EPG5,Epg5,MP:0009142,decreased prepulse inhibition,1.53519564611917e-12,['nervous system phenotype']
EPG5,Epg5,MP:0001406,abnormal gait,2.01684854550632e-11,['behavior/neurological phenotype']
EPG5,Epg5,MP:0001399,hyperactivity,2.20163529337922e-09,['behavior/neurological phenotype']
EPG5,Epg5,MP:0009142,decreased prepulse inhibition,3.49193739652516e-09,['nervous system phenotype']
EPG5,Epg5,MP:0000745,tremors,5.76125912590787e-09,['behavior/neurological phenotype']
EPG5,Epg5,MP:0001399,hyperactivity,6.0641323112373e-09,['behavior/neurological phenotype']
EPG5,Epg5,MP:0001399,hyperactivity,1.1871381409138e-08,['behavior/neurological phenotype']
EPG5,Epg5,MP:0009142,decreased prepulse inhibition,1.41475590060193e-08,['nervous system phenotype']
EPG5,Epg5,MP:0001399,hyperactivity,7.28953300706059e-08,['behavior/neurological phenotype']
EPG5,Epg5,MP:0000745,tremors,2.70389213125842e-06,['behavior/neurological phenotype']
EPG5,Epg5,MP:0009142,decreased prepulse inhibition,7.22050337963272e-06,['nervous system phenotype']
EPG5,Epg5,MP:0001399,hyperactivity,7.83433813089651e-06,['behavior/neurological phenotype']
EPG5,Epg5,MP:0001489,decreased startle reflex,8.46793303241499e-06,['behavior/neurological phenotype']
ESRRA,Esrra,MP:0002757,decreased vertical activity,4.97047841884339e-06,['behavior/neurological phenotype']
ESRRA,Esrra,MP:0001488,increased startle reflex,2.43039530022118e-05,['behavior/neurological phenotype']
ESRRA,Esrra,MP:0001399,hyperactivity,4.76919587277596e-05,['behavior/neurological phenotype']
EYA3,Eya3,MP:0001417,decreased exploration in new environment,1.56393737987619e-05,['behavior/neurological phenotype']
FAF1,Faf1,MP:0000745,tremors,1.37278997926251e-06,['behavior/neurological phenotype']
FAF1,Faf1,MP:0020421,increased freezing behavior,2.18435947085815e-06,['behavior/neurological phenotype']
FAF1,Faf1,MP:0001406,abnormal gait,6.2782169124426e-05,['behavior/neurological phenotype']
FBN2,Fbn2,MP:0002152,abnormal brain morphology,0.0,['nervous system phenotype']
FBN2,Fbn2,MP:0002152,abnormal brain morphology,0.0,['nervous system phenotype']
FBN2,Fbn2,MP:0002152,abnormal brain morphology,0.0,['nervous system phenotype']
FBN2,Fbn2,MP:0002152,abnormal brain morphology,0.0,['nervous system phenotype']
FBN2,Fbn2,MP:0010053,decreased grip strength,2.3144233320848e-25,['behavior/neurological phenotype']
FBN2,Fbn2,MP:0010053,decreased grip strength,6.80259764362156e-22,['behavior/neurological phenotype']
FBN2,Fbn2,MP:0010053,decreased grip strength,1.71656215708441e-09,['behavior/neurological phenotype']
FBN2,Fbn2,MP:0010053,decreased grip strength,1.38013736114427e-07,['behavior/neurological phenotype']
FBN2,Fbn2,MP:0001406,abnormal gait,2.1858730273823e-06,['behavior/neurological phenotype']
FBN2,Fbn2,MP:0001406,abnormal gait,2.1858730273823e-06,['behavior/neurological phenotype']
FBN2,Fbn2,MP:0008259,abnormal optic disk morphology,5.15283244705391e-05,"['nervous system phenotype', 'vision/eye phenotype']"
FBN2,Fbn2,MP:0001399,hyperactivity,6.22063409139494e-05,['behavior/neurological phenotype']
FBN2,Fbn2,MP:0001364,decreased anxiety-related response,9.36584975301725e-05,['behavior/neurological phenotype']
FNDC3A,Fndc3a,MP:0020421,increased freezing behavior,3.5409073791903e-10,['behavior/neurological phenotype']
FNDC3A,Fndc3a,MP:0001402,decreased locomotor activity,3.91250735432003e-06,['behavior/neurological phenotype']
FNDC3A,Fndc3a,MP:0001402,decreased locomotor activity,1.3539576904753e-05,['behavior/neurological phenotype']
FNDC3A,Fndc3a,MP:0001417,decreased exploration in new environment,6.37096150648553e-05,['behavior/neurological phenotype']
HECW1,Hecw1,MP:0001513,limb grasping,1.02232870961203e-07,['behavior/neurological phenotype']
HECW1,Hecw1,MP:0001523,impaired righting response,3.81772488423895e-07,['behavior/neurological phenotype']
HECW1,Hecw1,MP:0001417,decreased exploration in new environment,1.48309223386484e-06,['behavior/neurological phenotype']
HECW1,Hecw1,MP:0000745,tremors,2.59997147286706e-05,['behavior/neurological phenotype']
HIRA,Hira,MP:0004924,abnormal behavior,8.29044874290918e-05,['behavior/neurological phenotype']
HMCN1,Hmcn1,MP:0008259,abnormal optic disk morphology,1.3986296286213e-07,"['nervous system phenotype', 'vision/eye phenotype']"
HMCN1,Hmcn1,MP:0001399,hyperactivity,5.37448949660646e-06,['behavior/neurological phenotype']
HTT,Htt,MP:0010052,increased grip strength,1.21826154226953e-05,['behavior/neurological phenotype']
IKZF4,Ikzf4,MP:0001402,decreased locomotor activity,2.64091824372066e-05,['behavior/neurological phenotype']
IKZF4,Ikzf4,MP:0020870,decreased thigmotaxis,4.92217789447454e-05,['behavior/neurological phenotype']
IKZF4,Ikzf4,MP:0020870,decreased thigmotaxis,4.92217789447483e-05,['behavior/neurological phenotype']
IKZF4,Ikzf4,MP:0004924,abnormal behavior,4.92217789447483e-05,['behavior/neurological phenotype']
INO80,Ino80,MP:0001402,decreased locomotor activity,2.83601471557391e-09,['behavior/neurological phenotype']
INO80,Ino80,MP:0001402,decreased locomotor activity,5.17203118131498e-09,['behavior/neurological phenotype']
INO80,Ino80,MP:0001402,decreased locomotor activity,7.54309046107077e-07,['behavior/neurological phenotype']
INO80,Ino80,MP:0001402,decreased locomotor activity,1.90446620749946e-06,['behavior/neurological phenotype']
INO80,Ino80,MP:0005655,increased aggression,3.90052808580943e-06,['behavior/neurological phenotype']
INO80,Ino80,MP:0001402,decreased locomotor activity,1.4987531078474e-05,['behavior/neurological phenotype']
INO80,Ino80,MP:0001529,abnormal vocalization,1.61072480990567e-05,['behavior/neurological phenotype']
KCTD15,Kctd15,MP:0011940,decreased food intake,1.18223624563074e-05,['behavior/neurological phenotype']
KIF13A,Kif13a,MP:0009142,decreased prepulse inhibition,5.18606904901518e-08,['nervous system phenotype']
KIF13A,Kif13a,MP:0001489,decreased startle reflex,1.41189547274902e-07,['behavior/neurological phenotype']
KIF13A,Kif13a,MP:0001399,hyperactivity,3.84320722600232e-07,['behavior/neurological phenotype']
KIF13A,Kif13a,MP:0009142,decreased prepulse inhibition,1.07406115610278e-06,['nervous system phenotype']
KIF13A,Kif13a,MP:0009142,decreased prepulse inhibition,1.67726359448901e-06,['nervous system phenotype']
KIF13A,Kif13a,MP:0001399,hyperactivity,1.03613487055172e-05,['behavior/neurological phenotype']
KIF13A,Kif13a,MP:0001399,hyperactivity,6.20191761770392e-05,['behavior/neurological phenotype']
KIF13A,Kif13a,MP:0001399,hyperactivity,6.54426217865403e-05,['behavior/neurological phenotype']
KIF2A,Kif2a,MP:0001399,hyperactivity,1.14125746042752e-05,['behavior/neurological phenotype']
LEPR,Lepr,MP:0001402,decreased locomotor activity,2.37569898415529e-24,['behavior/neurological phenotype']
LEPR,Lepr,MP:0001513,limb grasping,1.17171146058572e-23,['behavior/neurological phenotype']
LEPR,Lepr,MP:0001512,trunk curl,1.17510403810246e-23,['behavior/neurological phenotype']
LEPR,Lepr,MP:0001523,impaired righting response,5.40547857527133e-22,['behavior/neurological phenotype']
LEPR,Lepr,MP:0001512,trunk curl,7.35441180108842e-19,['behavior/neurological phenotype']
LEPR,Lepr,MP:0001402,decreased locomotor activity,1.00061757316757e-18,['behavior/neurological phenotype']
LEPR,Lepr,MP:0001513,limb grasping,1.33277097382136e-18,['behavior/neurological phenotype']
LEPR,Lepr,MP:0001402,decreased locomotor activity,2.14614950628594e-18,['behavior/neurological phenotype']
LEPR,Lepr,MP:0001406,abnormal gait,5.71195859322765e-18,['behavior/neurological phenotype']
LEPR,Lepr,MP:0000745,tremors,1.63153277811957e-16,['behavior/neurological phenotype']
LEPR,Lepr,MP:0001402,decreased locomotor activity,5.97046053694471e-16,['behavior/neurological phenotype']
LEPR,Lepr,MP:0001392,abnormal locomotor behavior,2.05253564688856e-15,['behavior/neurological phenotype']
LEPR,Lepr,MP:0000745,tremors,2.40490755341257e-15,['behavior/neurological phenotype']
LEPR,Lepr,MP:0001406,abnormal gait,6.25511826736684e-14,['behavior/neurological phenotype']
LEPR,Lepr,MP:0001402,decreased locomotor activity,9.74498626503106e-13,['behavior/neurological phenotype']
LEPR,Lepr,MP:0001402,decreased locomotor activity,9.74498628478465e-13,['behavior/neurological phenotype']
LEPR,Lepr,MP:0001417,decreased exploration in new environment,6.09800931082095e-12,['behavior/neurological phenotype']
LEPR,Lepr,MP:0001417,decreased exploration in new environment,1.43777457954432e-11,['behavior/neurological phenotype']
LEPR,Lepr,MP:0001392,abnormal locomotor behavior,1.65433403399472e-11,['behavior/neurological phenotype']
LEPR,Lepr,MP:0001402,decreased locomotor activity,2.82254959331952e-11,['behavior/neurological phenotype']
LEPR,Lepr,MP:0001402,decreased locomotor activity,1.48461808075874e-10,['behavior/neurological phenotype']
LEPR,Lepr,MP:0001402,decreased locomotor activity,2.36899772207601e-10,['behavior/neurological phenotype']
LEPR,Lepr,MP:0001402,decreased locomotor activity,2.36899772710152e-10,['behavior/neurological phenotype']
LEPR,Lepr,MP:0001402,decreased locomotor activity,2.8892884756293e-10,['behavior/neurological phenotype']
LEPR,Lepr,MP:0001402,decreased locomotor activity,7.84913914117176e-10,['behavior/neurological phenotype']
LEPR,Lepr,MP:0001523,impaired righting response,5.5994593031965e-09,['behavior/neurological phenotype']
LEPR,Lepr,MP:0001402,decreased locomotor activity,1.0024978840395e-06,['behavior/neurological phenotype']
LEPR,Lepr,MP:0001363,increased anxiety-related response,2.11217177781275e-06,['behavior/neurological phenotype']
LEPR,Lepr,MP:0001402,decreased locomotor activity,9.9250275987377e-06,['behavior/neurological phenotype']
LEPR,Lepr,MP:0001417,decreased exploration in new environment,3.48882394530704e-05,['behavior/neurological phenotype']
LEPR,Lepr,MP:0001402,decreased locomotor activity,9.39280343748107e-05,['behavior/neurological phenotype']
LHX6,Lhx6,MP:0001402,decreased locomotor activity,3.14429414618371e-06,['behavior/neurological phenotype']
LHX6,Lhx6,MP:0001402,decreased locomotor activity,5.95275702554071e-06,['behavior/neurological phenotype']
LHX6,Lhx6,MP:0001402,decreased locomotor activity,4.51771837832737e-05,['behavior/neurological phenotype']
LHX6,Lhx6,MP:0001402,decreased locomotor activity,4.52398031849377e-05,['behavior/neurological phenotype']
LIN54,Lin54,MP:0010052,increased grip strength,5.25732120438327e-05,['behavior/neurological phenotype']
LONP1,Lonp1,MP:0009142,decreased prepulse inhibition,6.49276524791816e-07,['nervous system phenotype']
LONP1,Lonp1,MP:0009142,decreased prepulse inhibition,4.81391701823153e-06,['nervous system phenotype']
LONP1,Lonp1,MP:0009142,decreased prepulse inhibition,8.9964047971236e-06,['nervous system phenotype']
LONP1,Lonp1,MP:0009142,decreased prepulse inhibition,1.24456393434391e-05,['nervous system phenotype']
LRP1,Lrp1,MP:0000783,abnormal forebrain morphology,0.0,['nervous system phenotype']
LRP1,Lrp1,MP:0000783,abnormal forebrain morphology,0.0,['nervous system phenotype']
MCL1,Mcl1,MP:0001891,hydrocephaly,0.0,['nervous system phenotype']
MICAL3,Mical3,MP:0001529,abnormal vocalization,1.60873152526651e-06,['behavior/neurological phenotype']
MICAL3,Mical3,MP:0001399,hyperactivity,8.98284900979248e-05,['behavior/neurological phenotype']
MICAL3,Mical3,MP:0001399,hyperactivity,9.70391084395514e-05,['behavior/neurological phenotype']
MPDZ,Mpdz,MP:0010053,decreased grip strength,1.49164997181287e-08,['behavior/neurological phenotype']
MPDZ,Mpdz,MP:0010053,decreased grip strength,1.25141712195733e-05,['behavior/neurological phenotype']
MPDZ,Mpdz,MP:0001489,decreased startle reflex,2.14361115254586e-05,['behavior/neurological phenotype']
MPRIP,Mprip,MP:0001529,abnormal vocalization,5.90405042110143e-10,['behavior/neurological phenotype']
MPRIP,Mprip,MP:0001529,abnormal vocalization,7.24610574649307e-10,['behavior/neurological phenotype']
MPRIP,Mprip,MP:0001392,abnormal locomotor behavior,1.62715363615581e-05,['behavior/neurological phenotype']
MPRIP,Mprip,MP:0010053,decreased grip strength,5.97835184879e-05,['behavior/neurological phenotype']
MUC5B,Muc5b,MP:0009142,decreased prepulse inhibition,2.43239827939285e-07,['nervous system phenotype']
MUC5B,Muc5b,MP:0001489,decreased startle reflex,1.03353836098555e-05,['behavior/neurological phenotype']
MUC5B,Muc5b,MP:0009142,decreased prepulse inhibition,2.03917210885862e-05,['nervous system phenotype']
MUC5B,Muc5b,MP:0009142,decreased prepulse inhibition,2.66692322029335e-05,['nervous system phenotype']
MUC5B,Muc5b,MP:0009142,decreased prepulse inhibition,4.38610571909711e-05,['nervous system phenotype']
NEDD4L,Nedd4l,MP:0001486,abnormal startle reflex,5.84471962561069e-13,['behavior/neurological phenotype']
NEDD4L,Nedd4l,MP:0009142,decreased prepulse inhibition,3.82478485396744e-10,['nervous system phenotype']
NEDD4L,Nedd4l,MP:0009142,decreased prepulse inhibition,6.32168757453962e-08,['nervous system phenotype']
NEDD4L,Nedd4l,MP:0009142,decreased prepulse inhibition,9.45481229525541e-08,['nervous system phenotype']
NEDD4L,Nedd4l,MP:0009142,decreased prepulse inhibition,2.62585057021919e-07,['nervous system phenotype']
NEDD4L,Nedd4l,MP:0009142,decreased prepulse inhibition,3.79672033325705e-06,['nervous system phenotype']
NEDD4L,Nedd4l,MP:0001402,decreased locomotor activity,9.67859503053781e-06,['behavior/neurological phenotype']
NEDD4L,Nedd4l,MP:0001489,decreased startle reflex,3.63146968259591e-05,['behavior/neurological phenotype']
NEDD4L,Nedd4l,MP:0001417,decreased exploration in new environment,5.46751939975004e-05,['behavior/neurological phenotype']
NEDD4L,Nedd4l,MP:0009142,decreased prepulse inhibition,6.39390140694428e-05,['nervous system phenotype']
NEDD4L,Nedd4l,MP:0009142,decreased prepulse inhibition,7.08310780646322e-05,['nervous system phenotype']
NISCH,Nisch,MP:0001410,head bobbing,3.10172921700604e-07,['behavior/neurological phenotype']
NISCH,Nisch,MP:0001402,decreased locomotor activity,4.60566292820622e-06,['behavior/neurological phenotype']
NISCH,Nisch,MP:0001402,decreased locomotor activity,7.16405803353716e-06,['behavior/neurological phenotype']
NISCH,Nisch,MP:0004924,abnormal behavior,1.2063972185233e-05,['behavior/neurological phenotype']
NISCH,Nisch,MP:0020870,decreased thigmotaxis,1.20639721852335e-05,['behavior/neurological phenotype']
NISCH,Nisch,MP:0001410,head bobbing,2.57949119012092e-05,['behavior/neurological phenotype']
NLK,Nlk,MP:0001488,increased startle reflex,2.53314859345056e-05,['behavior/neurological phenotype']
NLK,Nlk,MP:0001454,abnormal cued conditioning behavior,3.29514865889313e-05,['behavior/neurological phenotype']
NOTCH1,Notch1,MP:0001488,increased startle reflex,2.74633549101608e-12,['behavior/neurological phenotype']
NPAS3,Npas3,MP:0001491,unresponsive to tactile stimuli,0.0,['behavior/neurological phenotype']
NPAS3,Npas3,MP:0001491,unresponsive to tactile stimuli,0.0,['behavior/neurological phenotype']
NPAS3,Npas3,MP:0001491,unresponsive to tactile stimuli,0.0,['behavior/neurological phenotype']
NPAS3,Npas3,MP:0001491,unresponsive to tactile stimuli,0.0,['behavior/neurological phenotype']
NPAS3,Npas3,MP:0001488,increased startle reflex,1.22722258449821e-05,['behavior/neurological phenotype']
NSUN2,Nsun2,MP:0001413,abnormal response to new environment,1.07942837806233e-05,['behavior/neurological phenotype']
NSUN2,Nsun2,MP:0001406,abnormal gait,6.52654984459151e-05,['behavior/neurological phenotype']
NSUN2,Nsun2,MP:0001406,abnormal gait,7.94246314452437e-05,['behavior/neurological phenotype']
NTF4,Ntf5,MP:0001392,abnormal locomotor behavior,6.72049677564762e-07,['behavior/neurological phenotype']
NTF4,Ntf5,MP:0000745,tremors,7.40131634243787e-07,['behavior/neurological phenotype']
NUFIP2,Nufip2,MP:0003720,abnormal neural tube closure,0.0,"['embryo phenotype', 'nervous system phenotype']"
NUFIP2,Nufip2,MP:0001488,increased startle reflex,3.19856818349037e-05,['behavior/neurological phenotype']
NUFIP2,Nufip2,MP:0009142,decreased prepulse inhibition,8.6989055329334e-05,['nervous system phenotype']
NUP153,Nup153,MP:0001529,abnormal vocalization,5.90405042110143e-10,['behavior/neurological phenotype']
NUP153,Nup153,MP:0001529,abnormal vocalization,7.24610574649307e-10,['behavior/neurological phenotype']
NUP153,Nup153,MP:0001399,hyperactivity,7.94002476678797e-05,['behavior/neurological phenotype']
PBRM1,Pbrm1,MP:0001406,abnormal gait,2.20000036756247e-08,['behavior/neurological phenotype']
PBRM1,Pbrm1,MP:0009142,decreased prepulse inhibition,2.24066317943254e-05,['nervous system phenotype']
PC,Pcx,MP:0010052,increased grip strength,5.00597935727988e-09,['behavior/neurological phenotype']
PDZD8,Pdzd8,MP:0001399,hyperactivity,4.74818907902907e-06,['behavior/neurological phenotype']
PEAK1,Peak1,MP:0001488,increased startle reflex,6.66765317317629e-12,['behavior/neurological phenotype']
PEAK1,Peak1,MP:0001488,increased startle reflex,2.69110638232788e-05,['behavior/neurological phenotype']
PHLPP1,Phlpp1,MP:0001402,decreased locomotor activity,7.44322110968977e-05,['behavior/neurological phenotype']
PLCG2,Plcg2,MP:0001399,hyperactivity,8.63018787858876e-05,['behavior/neurological phenotype']
PNPT1,Pnpt1,MP:0001406,abnormal gait,6.52654984459151e-05,['behavior/neurological phenotype']
PPM1A,Ppm1a,MP:0001513,limb grasping,3.2848640215845e-05,['behavior/neurological phenotype']
PTPRU,Ptpru,MP:0001399,hyperactivity,2.2569304170566e-13,['behavior/neurological phenotype']
PTPRU,Ptpru,MP:0001399,hyperactivity,2.51842682310822e-13,['behavior/neurological phenotype']
PTPRU,Ptpru,MP:0001399,hyperactivity,2.65017556404135e-13,['behavior/neurological phenotype']
PTPRU,Ptpru,MP:0001399,hyperactivity,4.56821880359888e-13,['behavior/neurological phenotype']
PTPRU,Ptpru,MP:0011396,abnormal sleep behavior,1.79678348892168e-07,['behavior/neurological phenotype']
PTPRU,Ptpru,MP:0001399,hyperactivity,2.28022729579709e-07,['behavior/neurological phenotype']
PTPRU,Ptpru,MP:0011396,abnormal sleep behavior,3.2919474422395e-07,['behavior/neurological phenotype']
PTPRU,Ptpru,MP:0011396,abnormal sleep behavior,3.69321880553882e-06,['behavior/neurological phenotype']
PTPRU,Ptpru,MP:0011396,abnormal sleep behavior,4.28130777201787e-06,['behavior/neurological phenotype']
PTPRU,Ptpru,MP:0001399,hyperactivity,6.09207159618652e-06,['behavior/neurological phenotype']
PTPRU,Ptpru,MP:0002574,increased vertical activity,9.5963225835912e-06,['behavior/neurological phenotype']
PTPRU,Ptpru,MP:0011396,abnormal sleep behavior,6.88556008270807e-05,['behavior/neurological phenotype']
PTPRU,Ptpru,MP:0011396,abnormal sleep behavior,9.50625256772586e-05,['behavior/neurological phenotype']
RALGPS1,Ralgps1,MP:0001529,abnormal vocalization,5.90405042110143e-10,['behavior/neurological phenotype']
RALGPS1,Ralgps1,MP:0001529,abnormal vocalization,7.24610574649307e-10,['behavior/neurological phenotype']
RALGPS1,Ralgps1,MP:0001488,increased startle reflex,3.46864918119275e-05,['behavior/neurological phenotype']
REV3L,Rev3l,MP:0001399,hyperactivity,2.34247296115019e-06,['behavior/neurological phenotype']
REV3L,Rev3l,MP:0001399,hyperactivity,4.87993699191946e-05,['behavior/neurological phenotype']
REXO1,Rexo1,MP:0000783,abnormal forebrain morphology,0.0,['nervous system phenotype']
REXO1,Rexo1,MP:0000783,abnormal forebrain morphology,0.0,['nervous system phenotype']
RPRD2,Rprd2,MP:0001392,abnormal locomotor behavior,7.72525434286405e-05,['behavior/neurological phenotype']
RYR2,Ryr2,MP:0001488,increased startle reflex,7.83595053199804e-06,['behavior/neurological phenotype']
SCRIB,Scrib,MP:0000841,abnormal hindbrain morphology,0.0,['nervous system phenotype']
SCRIB,Scrib,MP:0003720,abnormal neural tube closure,0.0,"['embryo phenotype', 'nervous system phenotype']"
SCRIB,Scrib,MP:0000897,abnormal midbrain morphology,0.0,['nervous system phenotype']
SCRIB,Scrib,MP:0003720,abnormal neural tube closure,0.0,"['embryo phenotype', 'nervous system phenotype']"
SCRIB,Scrib,MP:0003720,abnormal neural tube closure,0.0,"['embryo phenotype', 'nervous system phenotype']"
SCRIB,Scrib,MP:0000841,abnormal hindbrain morphology,0.0,['nervous system phenotype']
SCRIB,Scrib,MP:0000897,abnormal midbrain morphology,0.0,['nervous system phenotype']
SCRIB,Scrib,MP:0001406,abnormal gait,7.63367103239949e-05,['behavior/neurological phenotype']
SEL1L3,Sel1l3,MP:0010052,increased grip strength,1.65376513598382e-06,['behavior/neurological phenotype']
SHROOM3,Shroom3,MP:0000914,exencephaly,0.0,['nervous system phenotype']
SHROOM3,Shroom3,MP:0003054,spina bifida,0.0,"['embryo phenotype', 'nervous system phenotype']"
SHROOM3,Shroom3,MP:0000914,exencephaly,0.0,['nervous system phenotype']
SMARCAD1,Smarcad1,MP:0001399,hyperactivity,1.86601210223547e-05,['behavior/neurological phenotype']
SPTAN1,Sptan1,MP:0003232,abnormal forebrain development,0.0,['nervous system phenotype']
SPTAN1,Sptan1,MP:0002151,abnormal neural tube morphology,0.0,"['embryo phenotype', 'nervous system phenotype']"
SPTAN1,Sptan1,MP:0003864,abnormal midbrain development,0.0,['nervous system phenotype']
SPTAN1,Sptan1,MP:0003864,abnormal midbrain development,0.0,['nervous system phenotype']
SPTAN1,Sptan1,MP:0003720,abnormal neural tube closure,0.0,"['embryo phenotype', 'nervous system phenotype']"
SPTAN1,Sptan1,MP:0003720,abnormal neural tube closure,0.0,"['embryo phenotype', 'nervous system phenotype']"
SPTAN1,Sptan1,MP:0002151,abnormal neural tube morphology,0.0,"['embryo phenotype', 'nervous system phenotype']"
SPTB,Sptb,MP:0001417,decreased exploration in new environment,2.32003230173827e-06,['behavior/neurological phenotype']
SRSF6,Srsf6,MP:0001529,abnormal vocalization,2.28196539046207e-05,['behavior/neurological phenotype']
SRSF6,Srsf6,MP:0001529,abnormal vocalization,2.53228105823696e-05,['behavior/neurological phenotype']
STX3,Stx3,MP:0010052,increased grip strength,1.14142469952822e-07,['behavior/neurological phenotype']
STX3,Stx3,MP:0010052,increased grip strength,1.2478186887367e-07,['behavior/neurological phenotype']
STX3,Stx3,MP:0010052,increased grip strength,2.6649019212849e-05,['behavior/neurological phenotype']
SYMPK,Sympk,MP:0004924,abnormal behavior,2.93722487014845e-05,['behavior/neurological phenotype']
SYMPK,Sympk,MP:0004924,abnormal behavior,2.93755969597029e-05,['behavior/neurological phenotype']
SYMPK,Sympk,MP:0004924,abnormal behavior,9.5380907661258e-05,['behavior/neurological phenotype']
SYNE2,Syne2,MP:0001392,abnormal locomotor behavior,1.07062688799664e-06,['behavior/neurological phenotype']
SYNE2,Syne2,MP:0010052,increased grip strength,4.9455536268298e-05,['behavior/neurological phenotype']
TNIP1,Tnip1,MP:0020421,increased freezing behavior,1.73349006799297e-06,['behavior/neurological phenotype']
TNIP1,Tnip1,MP:0020421,increased freezing behavior,5.85957036072191e-05,['behavior/neurological phenotype']
TOR3A,Tor3a,MP:0001417,decreased exploration in new environment,1.36968738211415e-07,['behavior/neurological phenotype']
TPK1,Tpk1,MP:0001523,impaired righting response,2.36215248005125e-07,['behavior/neurological phenotype']
TPK1,Tpk1,MP:0001523,impaired righting response,1.02699964192795e-06,['behavior/neurological phenotype']
TPK1,Tpk1,MP:0001513,limb grasping,8.99682854876164e-05,['behavior/neurological phenotype']
UBE2O,Ube2o,MP:0001488,increased startle reflex,2.92523694416236e-05,['behavior/neurological phenotype']
UBE2O,Ube2o,MP:0010052,increased grip strength,3.73353662868335e-05,['behavior/neurological phenotype']
UBTF,Ubtf,MP:0002151,abnormal neural tube morphology,0.0,"['embryo phenotype', 'nervous system phenotype']"
UBTF,Ubtf,MP:0002151,abnormal neural tube morphology,0.0,"['embryo phenotype', 'nervous system phenotype']"
VCAN,Vcan,MP:0002151,abnormal neural tube morphology,0.0,"['embryo phenotype', 'nervous system phenotype']"
VCAN,Vcan,MP:0020421,increased freezing behavior,5.15364715601612e-05,['behavior/neurological phenotype']
YLPM1,Ylpm1,MP:0001486,abnormal startle reflex,1.37807603716951e-06,['behavior/neurological phenotype']
YLPM1,Ylpm1,MP:0001486,abnormal startle reflex,8.61632767118896e-06,['behavior/neurological phenotype']
ZFHX4,Zfhx4,MP:0001417,decreased exploration in new environment,6.60461860447547e-07,['behavior/neurological phenotype']
ZNFX1,Znfx1,MP:0010053,decreased grip strength,2.18787682635867e-07,['behavior/neurological phenotype']
ZNFX1,Znfx1,MP:0010053,decreased grip strength,1.87094789737058e-05,['behavior/neurological phenotype']
ZNFX1,Znfx1,MP:0010053,decreased grip strength,2.98528785167189e-05,['behavior/neurological phenotype']
ZZEF1,Zzef1,MP:0011396,abnormal sleep behavior,4.89787876123415e-06,['behavior/neurological phenotype']
ZZEF1,Zzef1,MP:0003063,increased coping response,1.99455968814515e-05,['behavior/neurological phenotype']
ZZEF1,Zzef1,MP:0011396,abnormal sleep behavior,8.64325005738298e-05,['behavior/neurological phenotype']
ZZEF1,Zzef1,MP:0001399,hyperactivity,8.91436401200074e-05,['behavior/neurological phenotype']
ZZEF1,Zzef1,MP:0011396,abnormal sleep behavior,9.39336454381304e-05,['behavior/neurological phenotype']
