unit	ctx	score	auroc	n_new	n_ctrl
RNU4-2	dominant	snrnavep_v2	0.7160234899328859	8	298
RNU4-2	dominant	combo_untrained	0.5696308724832214	8	298
RNU4-2	dominant	frac_states_protein_contact	0.7309144295302014	8	298
RNU4-2	dominant	phylop447	0.38171140939597314	8	298
RNU4-2	dominant	cadd_phred	0.5219072164948454	8	298
RNU2-2P	dominant	snrnavep_v2	0.8	20	15
RNU2-2P	dominant	combo_untrained	0.9066666666666666	20	15
RNU2-2P	dominant	frac_states_protein_contact	0.7816666666666666	20	15
RNU2-2P	dominant	phylop447	0.81	20	15
RNU2-2P	dominant	cadd_phred	0.665158371040724	20	15
RNU4ATAC	recessive	snrnavep_v2	0.8214285714285715	7	12
RNU4ATAC	recessive	combo_untrained	0.8571428571428571	7	12
RNU4ATAC	recessive	frac_states_protein_contact	0.7380952380952381	7	12
RNU4ATAC	recessive	phylop447	0.8809523809523809	7	12
RNU4ATAC	recessive	cadd_phred	0.875	7	12
RNU12	recessive	snrnavep_v2	0.7142857142857142	6	7
RNU12	recessive	combo_untrained	0.8333333333333333	6	7
RNU12	recessive	frac_states_protein_contact	0.9166666666666667	6	7
RNU12	recessive	phylop447	0.6785714285714286	6	7
RNU12	recessive	cadd_phred	0.5142857142857143	6	7
