subset	score	n	rho	lo	hi
all SGE variants	v2_dom	485	0.4052515752916822	0.2600854029600976	0.5303880402547559
all SGE variants	nb_frac_prot	485	0.43679654160401565	0.29536963213958245	0.565415966874312
all SGE variants	frac_states_protein_contact	485	0.3469479139089765	0.2030592617251653	0.48354412183384127
all SGE variants	cadd_phred	411	0.07170273639634722	-0.07704567596878817	0.20245342983013276
all SGE variants	phylop447	485	-0.0035913309760774483	-0.12955616619223445	0.1191347031604562
SNVs	v2_dom	411	0.3235255443486228	0.17993612973250192	0.4563234745389101
SNVs	nb_frac_prot	411	0.40550224368524274	0.25837004437332073	0.519895311134108
SNVs	frac_states_protein_contact	411	0.3312113338352218	0.18606706147555696	0.4639727749788362
SNVs	cadd_phred	411	0.07170273639634722	-0.07443927398152679	0.2173316709793266
SNVs	phylop447	411	-0.022187355590106372	-0.1653713511008399	0.11313634620251378
n.56-90 (dominant region)	v2_dom	171	0.5745555468263063	0.3104016284297677	0.7317329995083129
n.56-90 (dominant region)	nb_frac_prot	171	0.45900140109545057	0.19937579905781205	0.679459756115965
n.56-90 (dominant region)	frac_states_protein_contact	171	0.3405816917650007	0.06082495698999718	0.5800521847670054
n.56-90 (dominant region)	cadd_phred	105	-0.042675735749943176	-0.31326362901115645	0.23832895245222926
n.56-90 (dominant region)	phylop447	171	0.13863017217881854	-0.03514425739235372	0.2990660741867587
