unit	ctx	minor_excluded	auroc
RNU4-2	dominant	False	0.785144204607292
RNU4-2	recessive	False	0.5073035925779708
RNU4-2	dominant	True	0.7855523308543443
RNU4-2	recessive	True	0.49595341492301614
RNU2-2P	dominant	False	0.807377049180328
RNU2-2P	recessive	False	0.6002588438308887
RNU2-2P	dominant	True	0.8135245901639345
RNU2-2P	recessive	True	0.4404659188955997
RNU5B-1	dominant	False	0.735512129380054
RNU5B-1	dominant	True	0.741576819407008
RNU6	dominant	False	0.9124119718309859
RNU6	dominant	True	0.9110915492957747
