unit	ctx	score	n_pos	n	auroc	lo	hi
RNU12	recessive	final	7	23	0.6607142857142857	0.4143405388471178	0.8958333333333334
RNU12	recessive	frac_states_protein_contact	7	23	0.7142857142857144	0.4656862745098039	0.9359374999999998
RNU12	recessive	phylop447	7	23	0.5535714285714285	0.3055555555555556	0.8021354166666663
RNU12	recessive	cadd_phred	7	23	0.5625	0.3047321428571429	0.8119791666666666
RNU2-2P	dominant	final	24	85	0.8066939890710383	0.6814831979755178	0.9095225667594597
RNU2-2P	dominant	frac_states_protein_contact	24	85	0.6403688524590163	0.4883131738940821	0.7733430869977479
RNU2-2P	dominant	phylop447	24	85	0.6738387978142077	0.545586430575035	0.8078151347140763
RNU2-2P	dominant	cadd_phred	24	85	0.462280701754386	0.32615512712261946	0.6039233193277311
RNU2-2P	recessive	final	95	156	0.6031061259706643	0.4925057053453793	0.7041710434173669
RNU2-2P	recessive	frac_states_protein_contact	95	156	0.6031061259706643	0.5033868847757486	0.7051874967987788
RNU2-2P	recessive	phylop447	95	156	0.7361518550474547	0.6495048283587053	0.8158853324208869
RNU2-2P	recessive	cadd_phred	95	156	0.5063894303660386	0.3848032679738562	0.6250102555086732
RNU4-2	dominant	final	37	335	0.7852802466896428	0.7018831875455588	0.8622672720233695
RNU4-2	dominant	frac_states_protein_contact	37	335	0.7037910393615092	0.6063384795714742	0.7995223101213774
RNU4-2	dominant	phylop447	37	335	0.5018138944313442	0.42059910948238866	0.5787363919947371
RNU4-2	dominant	cadd_phred	37	335	0.5837959291567539	0.4746169012103621	0.6903090313244807
RNU4-2	recessive	final	34	332	0.5944532175286221	0.45797214404114156	0.7169362773798041
RNU4-2	recessive	frac_states_protein_contact	34	332	0.6623075404658507	0.5478057088285229	0.7722516517144399
RNU4-2	recessive	phylop447	34	332	0.4709336754836163	0.31711938738593154	0.6096272757712233
RNU4-2	recessive	cadd_phred	34	332	0.6415378006872852	0.5161536056622903	0.760818707934951
RNU4ATAC	recessive	final	41	55	0.789198606271777	0.6077983114446528	0.9435912698412698
RNU4ATAC	recessive	frac_states_protein_contact	41	55	0.6707317073170731	0.49508650333118415	0.8298096804511278
RNU4ATAC	recessive	phylop447	41	55	0.7961672473867596	0.6111914239821216	0.941046418567427
RNU4ATAC	recessive	cadd_phred	41	55	0.7890243902439025	0.529201478982875	0.9881004594820384
RNU5B-1	dominant	final	7	219	0.735512129380054	0.584512435656901	0.9527409484956655
RNU5B-1	dominant	frac_states_protein_contact	7	219	0.477088948787062	0.33223802982731554	0.5930925234387415
RNU5B-1	dominant	phylop447	7	219	0.7048517520215632	0.5838882433356117	0.8079761904761904
RNU5B-1	dominant	cadd_phred	7	219	0.9198952879581151	0.8509542437174016	0.9667829205942566
RNU6	dominant	final	4	572	0.912411971830986	0.8351004946219677	0.9654600050247371
RNU6	dominant	frac_states_protein_contact	4	572	0.9295774647887325	0.8752251531041109	0.9673144876325088
RNU6	dominant	phylop447	4	572	0.49097711267605637	0.46011378579777906	0.523405192669173
RNU6	dominant	cadd_phred	4	572			
