	coef	se	p
const	-5.2732907707407835	0.9361708914491482	1.772769692389015e-08
frac_states_protein_contact_r	-0.3911672462944959	1.4388029719133868	0.7857220421031387
nb_frac_prot_r	4.314651743057551	1.5924678559798153	0.006740255421879553
phylop447_r	0.8075166296992505	0.619972999297742	0.19274452715024326
frac_states_protein_contact_r:rec	2.132096443742748	1.7525191242560416	0.2237604226206087
nb_frac_prot_r:rec	-4.8352938917522295	1.8109994513481122	0.007586055837078194
phylop447_r:rec	1.1645998636396013	0.8779791785729444	0.1846890341367876
rec	0.9856658270527842	1.1202226853949786	0.3789222452209574
gene_RNU2	-0.010539418180035854	0.6699928998462917	0.9874492815593419
gene_RNU2:rec	2.9840833219046754	0.7317670836118859	4.544154447993278e-05
