file	exp	sample	rep	unique_assigned	multimapping	unmapped	ambiguous
ENCFF207NYU	ENCSR718AXQ	Homo sapiens Peyer's patch tissue female adult (53 years)	1	19225379	13447493	4122001	13458796
ENCFF187DGZ	ENCSR091JNF	Homo sapiens Peyer's patch tissue male adult (54 years)	1	18746023	23581001	4513446	18877371
ENCFF402FVH	ENCSR961FIG	Homo sapiens upper lobe of left lung tissue female adult (51 years)	1	9153023	28101262	5463305	8596190
ENCFF941VSY	ENCSR737NPO	Homo sapiens upper lobe of left lung tissue female adult (53 years)	1	17398949	15796991	3528561	12104928
ENCFF355CVD	ENCSR996VHB	Homo sapiens upper lobe of left lung tissue male adult (54 years)	1	12271866	20618247	6775635	6043345
ENCFF246OJQ	ENCSR539RDF	Homo sapiens upper lobe of left lung tissue male adult (37 years)	1	18368715	17820146	3705416	15697382
ENCFF159GDC	ENCSR603XUX	Homo sapiens right lobe of liver tissue female adult (53 years)	1	9189895	25155688	14414287	9764672
ENCFF326PAJ	ENCSR634VLA	Homo sapiens right lobe of liver tissue female adult (53 years)	1	11824821	24396850	7941529	12857337
ENCFF338WAN	ENCSR573RGL	Homo sapiens stomach tissue female adult (51 years)	1	23083392	17629371	4668643	12342405
ENCFF277ZMZ	ENCSR003SZJ	Homo sapiens stomach tissue female adult (53 years)	1	14284548	24092148	7282723	5739230
ENCFF484GLG	ENCSR133GQJ	Homo sapiens stomach tissue male adult (54 years)	1	19091879	17355495	4653048	8071629
ENCFF395BSZ	ENCSR418FVT	Homo sapiens stomach tissue male adult (37 years)	1	17381752	18911836	7019912	13904056
ENCFF253XRU	ENCSR593MVW	Homo sapiens spleen tissue female adult (51 years)	1	19224009	15811315	7257377	15324791
ENCFF898VRA	ENCSR307FBN	Homo sapiens spleen tissue female adult (53 years)	1	16084505	12086432	5321362	12297786
ENCFF624PWP	ENCSR587CPE	Homo sapiens spleen tissue male adult (54 years)	1	14575120	15480657	4028020	11665650
ENCFF220IOU	ENCSR917CQJ	Homo sapiens spleen tissue male adult (37 years)	1	15663145	11891822	7286372	16126404
ENCFF245EGF	ENCSR332RHR	Homo sapiens prostate gland tissue male adult (54 years)	1	18541813	14879377	5550015	8686080
ENCFF133KZA	ENCSR227FNZ	Homo sapiens prostate gland tissue male adult (37 years)	1	15417320	18645894	3171913	7496570
ENCFF168CRF	ENCSR099ACU	Homo sapiens body of pancreas tissue female adult (51 years)	1	8120384	12860005	8114807	3235528
ENCFF130URK	ENCSR033TKS	Homo sapiens body of pancreas tissue female adult (53 years)	1	22967747	18798402	19601851	14601246
ENCFF288VBY	ENCSR024CRN	Homo sapiens ovary tissue female adult (51 years)	1	21195391	9322286	1616415	10000523
ENCFF191LFS	ENCSR295NAK	Homo sapiens esophagus muscularis mucosa tissue female adult (51 years)	1	14488303	14200145	2872354	6141701
ENCFF825ROW	ENCSR383PLJ	Homo sapiens esophagus muscularis mucosa tissue female adult (53 years)	1	24118188	10305304	2709539	11413296
ENCFF068UUJ	ENCSR233DGJ	Homo sapiens esophagus muscularis mucosa tissue male adult (37 years)	1	14865584	9577598	4619234	5469505
ENCFF482PGZ	ENCSR779BVZ	Homo sapiens esophagus squamous epithelium tissue female adult (51 years)	1	9898744	15593858	8082074	7499478
ENCFF617VTV	ENCSR379GPS	Homo sapiens esophagus squamous epithelium tissue female adult (53 years)	1	10289009	12858339	23773227	9760254
ENCFF483TUL	ENCSR262TBN	Homo sapiens esophagus squamous epithelium tissue male adult (54 years)	1	13833593	18447733	5606345	10284408
ENCFF781DDW	ENCSR289GGY	Homo sapiens esophagus squamous epithelium tissue male adult (37 years)	1	18065220	11098654	5113415	12842305
ENCFF821NKG	ENCSR612WDT	Homo sapiens adrenal gland tissue female adult (51 years)	1	10371691	17157631	5814911	5909490
ENCFF548XQG	ENCSR264COY	Homo sapiens adrenal gland tissue female adult (53 years)	1	14028857	16281166	4869743	7925287
ENCFF004XBQ	ENCSR610GDH	Homo sapiens omental fat pad tissue male adult (37 years)	1	10928471	30075652	7759968	6804334
ENCFF426GWB	ENCSR020VES	Homo sapiens subcutaneous adipose tissue tissue female adult (53 years)	1	9777699	27198983	7269223	6981347
ENCFF348VFK	ENCSR866ZSG	Homo sapiens gastroesophageal sphincter tissue female adult (51 years)	1	8934370	22439714	7750908	4003517
ENCFF268UDJ	ENCSR998CRC	Homo sapiens gastroesophageal sphincter tissue female adult (53 years)	1	15157046	14233398	6899011	7244208
ENCFF025AXP	ENCSR269YSX	Homo sapiens gastroesophageal sphincter tissue male adult (54 years)	1	12050831	14599756	3554956	8455591
ENCFF246HFV	ENCSR646HQQ	Homo sapiens gastroesophageal sphincter tissue male adult (37 years)	1	14694843	18888067	12730475	11787744
ENCFF649AAK	ENCSR183YQY	Homo sapiens transverse colon tissue female adult (51 years)	1	7651003	27474874	8852414	2620198
ENCFF267GUU	ENCSR316SXP	Homo sapiens transverse colon tissue female adult (53 years)	1	10167752	17957100	5501893	10344034
ENCFF491GKL	ENCSR168XPO	Homo sapiens transverse colon tissue male adult (54 years)	1	11379568	20997820	8681576	9957273
ENCFF546RRQ	ENCSR525WFB	Homo sapiens transverse colon tissue male adult (37 years)	1	10369655	16751729	6521291	5632389
ENCFF078XLZ	ENCSR812JEU	Homo sapiens vagina tissue female adult (53 years)	1	15264216	11141660	2146266	9357387
ENCFF654WKZ	ENCSR887HNW	Homo sapiens uterus tissue female adult (51 years)	1	18063634	6008832	1344112	12872780
ENCFF845THX	ENCSR359CVC	Homo sapiens thyroid gland tissue female adult (53 years)	1	11265251	12648371	2622138	16730378
ENCFF620YRY	ENCSR626GVP	Homo sapiens testis tissue male adult (54 years)	1	11659752	8966414	2529020	10770964
ENCFF006OUR	ENCSR229WIW	Homo sapiens testis tissue male adult (37 years)	1	10999857	4872758	1302932	11818590
ENCFF341MBP	ENCSR203DPX	Homo sapiens tibial nerve tissue male adult (37 years)	1	11084855	11936701	2266038	9323774
ENCFF415JAJ	ENCSR882DFF	Homo sapiens sigmoid colon tissue female adult (51 years)	1	6584320	19992821	11362978	1327000
ENCFF449VAP	ENCSR635SLB	Homo sapiens sigmoid colon tissue female adult (53 years)	1	23557192	11857819	5803365	13379863
ENCFF521XIC	ENCSR968DMR	Homo sapiens sigmoid colon tissue male adult (54 years)	1	23255871	11742570	25784353	6259497
ENCFF045KNK	ENCSR880LXP	Homo sapiens sigmoid colon tissue male adult (37 years)	1	18626212	9219722	6782416	8536974
ENCFF656EZP	ENCSR083HYC	Homo sapiens trophoblast cell originated from H1	1	4905916	7864231	1726027	3065027
ENCFF971LGB	ENCSR083HYC	Homo sapiens trophoblast cell originated from H1	2	5132593	8810787	1497874	3210155
ENCFF818YXO	ENCSR494ATA	Homo sapiens mesendoderm originated from H1	1	6384984	6665623	1951175	2369449
ENCFF070TTE	ENCSR494ATA	Homo sapiens mesendoderm originated from H1	2	5756571	7355577	2378314	1873968
ENCFF440POG	ENCSR911GQI	Homo sapiens H1	2	5853232	7562916	2077914	1502777
ENCFF339TEH	ENCSR911GQI	Homo sapiens H1	1	6600999	8531006	2247138	1629286
ENCFF156KCX	ENCSR586TYR	Homo sapiens mesenchymal stem cell originated from H1	1	5969232	4735958	1008299	8804919
ENCFF101KGU	ENCSR586TYR	Homo sapiens mesenchymal stem cell originated from H1	2	6533677	5069503	924263	9716017
ENCFF362BTN	ENCSR291IZK	Homo sapiens neuronal stem cell originated from H1	1	3417996	11801629	1144820	2494946
ENCFF632HTI	ENCSR291IZK	Homo sapiens neuronal stem cell originated from H1	2	3171733	11334961	1313577	2543778
ENCFF825LPD	ENCSR250STJ	Homo sapiens smooth muscle cell originated from H9	1	41109316	26950905	15949953	30987516
ENCFF483DND	ENCSR250STJ	Homo sapiens smooth muscle cell originated from H9	2	35550726	18677559	10264116	27878257
ENCFF524VVQ	ENCSR673PND	Homo sapiens hepatocyte originated from H9	1	34902909	23432966	12338052	36767973
ENCFF112DTV	ENCSR673PND	Homo sapiens hepatocyte originated from H9	2	38455285	19520016	7909045	27166203
ENCFF679UJV	ENCSR828LSC	Homo sapiens neural progenitor cell originated from H9	1	45850077	16752699	4279032	28453576
ENCFF849YFL	ENCSR828LSC	Homo sapiens neural progenitor cell originated from H9	2	37022401	17063907	5595332	32177020
ENCFF089WIA	ENCSR855CYO	Homo sapiens HT1080 nuclear fraction	1	45112564	9562119	1761354	31477734
ENCFF790WWP	ENCSR855CYO	Homo sapiens HT1080 nuclear fraction	2	44358134	13217606	2614489	36471920
ENCFF634XQQ	ENCSR610CDO	Homo sapiens SK-N-DZ cytosolic fraction	1	15664173	27301979	2657691	1613220
ENCFF122HKB	ENCSR610CDO	Homo sapiens SK-N-DZ cytosolic fraction	2	29329144	32861157	2766074	2064400
ENCFF672DYT	ENCSR626WAX	Homo sapiens SK-N-DZ nuclear fraction	1	34231267	9504123	1032954	27736690
ENCFF857GBB	ENCSR626WAX	Homo sapiens SK-N-DZ nuclear fraction	2	40901322	12981960	1367249	27952370
ENCFF501TRL	ENCSR571FTT	Homo sapiens SK-MEL-5 cytosolic fraction	1	24025391	42953760	9660331	3415667
ENCFF799CBN	ENCSR571FTT	Homo sapiens SK-MEL-5 cytosolic fraction	2	15948450	48899998	13685022	4341195
ENCFF348DWC	ENCSR964EPR	Homo sapiens SK-MEL-5 nuclear fraction	1	48397169	12953923	1743900	32843474
ENCFF704PIQ	ENCSR964EPR	Homo sapiens SK-MEL-5 nuclear fraction	2	48486033	9155641	1970223	36207053
ENCFF218ZIS	ENCSR211PJW	Homo sapiens NCI-H460 nuclear fraction	1	41250870	9508985	2384522	31092125
ENCFF234KSE	ENCSR211PJW	Homo sapiens NCI-H460 nuclear fraction	2	48472467	10348417	2027736	34375346
ENCFF267QNZ	ENCSR968YZV	Homo sapiens NCI-H460 cytosolic fraction	1	15920561	40626888	13302386	3323923
ENCFF156TEY	ENCSR968YZV	Homo sapiens NCI-H460 cytosolic fraction	2	18726063	41904801	10791132	3204013
ENCFF587ITO	ENCSR603RPC	Homo sapiens bipolar neuron originated from GM23338 treated with 0.5 μg/mL doxycycline hyclate for 4 days	1	25789227	21274326	1257807	13366244
ENCFF890UCC	ENCSR603RPC	Homo sapiens bipolar neuron originated from GM23338 treated with 0.5 μg/mL doxycycline hyclate for 4 days	2	20131514	13575267	814349	4868447
ENCFF586EAG	ENCSR722POQ	Homo sapiens GM23338 originated from GM23248	1	42452826	23797612	3839200	18645715
ENCFF437ECY	ENCSR722POQ	Homo sapiens GM23338 originated from GM23248	2	7606390	19274488	3818903	5635210
ENCFF597EUV	ENCSR489KNQ	Homo sapiens GM23248	1	15849546	5510772	511569	1905165
ENCFF180VYS	ENCSR489KNQ	Homo sapiens GM23248	2	16269882	6872968	449594	1316616
ENCFF575ZXA	ENCSR376XXO	Homo sapiens A375	1	24235283	19698260	603085	8382400
ENCFF758KCW	ENCSR376XXO	Homo sapiens A375	2	20879468	16013879	410852	7122338
ENCFF426EMQ	ENCSR807KQN	Homo sapiens HT-29	1	12138464	14405963	460420	4253391
ENCFF854RLZ	ENCSR807KQN	Homo sapiens HT-29	2	14104946	13011934	419189	4858091
ENCFF153LVM	ENCSR905KHW	Homo sapiens Karpas-422	1	15991522	19373962	1809259	12488458
ENCFF239BXS	ENCSR905KHW	Homo sapiens Karpas-422	2	26724314	19154458	1972216	12899285
ENCFF060HQK	ENCSR740DKM	Homo sapiens OCI-LY7	1	17116810	11911149	893969	5658208
ENCFF390YTU	ENCSR740DKM	Homo sapiens OCI-LY7	2	19757837	13272668	813061	5879972
ENCFF240NOH	ENCSR000CVR	Homo sapiens neural cell originated from H1	1	27218212	54563761	59985249	12516845
ENCFF245SJH	ENCSR000CVR	Homo sapiens neural cell originated from H1	2	34861999	68498058	32421065	17748479
ENCFF592VSY	ENCSR000CVS	Homo sapiens mesenchymal stem cell of the bone marrow female adult (60 years) and male adult (57 years)	1	44707836	214486000	76279246	30518276
ENCFF608ZVW	ENCSR000CVS	Homo sapiens mesenchymal stem cell of the bone marrow female adult (60 years) and male adult (57 years)	2	56671301	234783345	115194368	37059720
ENCFF368OTJ	ENCSR000CVP	Homo sapiens neural cell originated from H1	1	22576728	46534096	66300555	10985215
ENCFF321FEM	ENCSR000CVP	Homo sapiens neural cell originated from H1	2	34360975	53718358	37561296	17353903
ENCFF711LJB	ENCSR000CVQ	Homo sapiens neural cell originated from H1	1	13982372	82393068	51118804	6311752
ENCFF826APU	ENCSR000CVQ	Homo sapiens neural cell originated from H1	2	11737274	60303245	66287278	5287679
ENCFF935LUO	ENCSR000CVO	Homo sapiens GM12878 nucleolus fraction	3	41410498	57675174	8233474	45298391
ENCFF692AMF	ENCSR000CVO	Homo sapiens GM12878 nucleolus fraction	4	30433516	49048749	9842381	33019361
ENCFF442HYC	ENCSR000CVL	Homo sapiens mesenchymal stem cell of Wharton's jelly female newborn and male newborn	1	27742523	117393539	11172992	20357646
ENCFF874ZVS	ENCSR000CVL	Homo sapiens mesenchymal stem cell of Wharton's jelly female newborn and male newborn	2	35298784	143702275	11373590	25464278
ENCFF939CFW	ENCSR000CVM	Homo sapiens melanocyte of skin female adult (52 years) and male adult (55 years)	1	28682448	175458324	11896907	22650619
ENCFF244NUI	ENCSR000CVM	Homo sapiens melanocyte of skin female adult (52 years) and male adult (55 years)	2	12631745	72640575	5046272	11176506
ENCFF654OLU	ENCSR000CVJ	Homo sapiens subcutaneous preadipocyte female adult (62 years) and male adult (65 years)	1	32450924	168808336	10001188	24505442
ENCFF547AUV	ENCSR000CVJ	Homo sapiens subcutaneous preadipocyte female adult (62 years) and male adult (65 years)	2	41306017	142131883	12184894	35638978
ENCFF811HGV	ENCSR000CVK	Homo sapiens melanocyte of skin male child (1 year) and male child (3 years)	1	22492783	146106769	12106922	15729318
ENCFF006PSV	ENCSR000CVK	Homo sapiens melanocyte of skin male child (1 year) and male child (3 years)	2	19184640	102114544	11769880	13228009
ENCFF767ZGR	ENCSR000CVH	Homo sapiens placental epithelial cell female newborn and male newborn	1	41466287	137323330	11975882	29348109
ENCFF890MCD	ENCSR000CVH	Homo sapiens placental epithelial cell female newborn and male newborn	2	36539092	96689017	8095661	22655641
ENCFF579GEV	ENCSR000CVI	Homo sapiens vein endothelial cell male adult (48 years) and male adult (52 years)	1	39099507	132919664	8731525	25742571
ENCFF722QIK	ENCSR000CVI	Homo sapiens vein endothelial cell male adult (48 years) and male adult (52 years)	2	42346392	121947676	7632927	31532348
ENCFF052VSJ	ENCSR000CVF	Homo sapiens mammary epithelial cell female adult (23 years)	1	11195383	33042427	21692588	5702638
ENCFF277JIY	ENCSR000CVD	Homo sapiens mesenchymal stem cell of adipose female adult (37 years) and female adult (42 years)	1	35533872	126455284	16986838	23951576
ENCFF379VSN	ENCSR000CVD	Homo sapiens mesenchymal stem cell of adipose female adult (37 years) and female adult (42 years)	2	37816525	132967537	13932870	30777798
ENCFF856BYM	ENCSR000CVE	Homo sapiens GM12878 chromatin fraction	3	10410080	26730831	1693498	13459861
ENCFF989TTK	ENCSR000CVE	Homo sapiens GM12878 chromatin fraction	4	23586060	31436308	4858143	24045567
ENCFF232RDH	ENCSR000CVB	Homo sapiens articular chondrocyte of knee joint female adult (56 years) and male adult (64 years)	1	39055303	61551516	20683163	21564751
ENCFF072EZM	ENCSR000CVB	Homo sapiens articular chondrocyte of knee joint female adult (56 years) and male adult (64 years)	2	24019692	59719214	14799025	14054541
ENCFF117SZV	ENCSR000CVC	Homo sapiens hair follicle dermal papilla cell female adult (47 years) and female adult (70 years)	1	22777177	64117294	16131656	14857740
ENCFF221WZQ	ENCSR000CVC	Homo sapiens hair follicle dermal papilla cell female adult (47 years) and female adult (70 years)	2	19192479	63149385	15586519	11938512
ENCFF276HNY	ENCSR000CVA	Homo sapiens thoracic aorta endothelial cell female adult (22 years) and male adult (55 years)	1	15760105	57173984	3796743	9794712
ENCFF367GPT	ENCSR000CVA	Homo sapiens thoracic aorta endothelial cell female adult (22 years) and male adult (55 years)	2	16560230	66372220	8178779	11639783
ENCFF752IMH	ENCSR000CUW	Homo sapiens osteoblast female adult (56 years) and male adult (62 years)	1	11906357	39850049	6541927	9047785
ENCFF379QNP	ENCSR000CUW	Homo sapiens osteoblast female adult (56 years) and male adult (62 years)	2	17105373	68325167	5537186	13669038
ENCFF887UHI	ENCSR000CUV	Homo sapiens fibroblast of the aortic adventitia female adult (24 years) and male adult (47 years)	1	15076330	45404570	4726552	14694763
ENCFF591ARC	ENCSR000CUV	Homo sapiens fibroblast of the aortic adventitia female adult (24 years) and male adult (47 years)	2	18145131	62365627	5769428	14559100
ENCFF551TUH	ENCSR000CUU	Homo sapiens B cell female adult (27 years) and female adult (43 years)	1	6890917	10013095	5929249	9546879
ENCFF293RYJ	ENCSR000CUU	Homo sapiens B cell female adult (27 years) and female adult (43 years)	2	5494314	4656999	8295964	13963479
ENCFF930JCN	ENCSR000CUZ	Homo sapiens skeletal muscle satellite cell female adult (64 years) and male adult (21 years)	1	14691972	71185274	4025243	12930026
ENCFF314VGX	ENCSR000CUZ	Homo sapiens skeletal muscle satellite cell female adult (64 years) and male adult (21 years)	2	16635886	67579557	5968796	14065904
ENCFF332NNC	ENCSR000CUY	Homo sapiens fibroblast of dermis female adult (44 years) and female adult (55 years)	1	12322807	66351525	5250793	10858840
ENCFF587IAA	ENCSR000CUY	Homo sapiens fibroblast of dermis female adult (44 years) and female adult (55 years)	2	15420966	65791886	5231303	12407271
ENCFF802VNV	ENCSR000CUX	Homo sapiens fibroblast of villous mesenchyme female newborn and male newborn	1	11207833	61653020	3489516	8949327
ENCFF928UCA	ENCSR000CUX	Homo sapiens fibroblast of villous mesenchyme female newborn and male newborn	2	14148286	72431897	4423574	14581499
ENCFF206WTZ	ENCSR000CRX	Homo sapiens HepG2	1	3778384	7460881	8764327	8810853
ENCFF861MVA	ENCSR000CRX	Homo sapiens HepG2	2	2854912	8877309	11198201	6329256
ENCFF072FQD	ENCSR000CRZ	Homo sapiens HepG2 cytosolic fraction	1	2071616	7913259	16092700	3459904
ENCFF850BQD	ENCSR000CRZ	Homo sapiens HepG2 cytosolic fraction	2	1613781	5213683	17453666	3124669
ENCFF190ZQZ	ENCSR000CRY	Homo sapiens HepG2 nuclear fraction	1	9917416	5042952	6661819	11084582
ENCFF371JOA	ENCSR000CRY	Homo sapiens HepG2 nuclear fraction	2	9510534	3641041	4742651	10296274
ENCFF741YWA	ENCSR000CRA	Homo sapiens K562 nucleoplasmic fraction	3	5136519	9219448	1263504	2144361
ENCFF860FNR	ENCSR000CRA	Homo sapiens K562 nucleoplasmic fraction	4	4504353	9694376	1154149	874831
ENCFF994WND	ENCSR000CRF	Homo sapiens K562	1	3070718	5004197	9319031	4376071
ENCFF621EWA	ENCSR000CRF	Homo sapiens K562	2	2786016	8222630	11500008	4892887
ENCFF769FVO	ENCSR000CRE	Homo sapiens GM12878	1	3114220	11641018	5996673	4886367
ENCFF761HOR	ENCSR000CRE	Homo sapiens GM12878	2	3422479	12614934	11042806	4798404
ENCFF109QJF	ENCSR000CRH	Homo sapiens endothelial cell of umbilical vein nuclear fraction newborn	3	5039540	4834852	8361574	11257650
ENCFF984UDA	ENCSR000CRH	Homo sapiens endothelial cell of umbilical vein nuclear fraction newborn	4	4750800	3128025	3951902	9648229
ENCFF462LUE	ENCSR000CRI	Homo sapiens AG04450	1	6590144	8694313	7626358	6062384
ENCFF682OVE	ENCSR000CRI	Homo sapiens AG04450	2	6763288	10348847	8760492	5374388
ENCFF136JVE	ENCSR000CRB	Homo sapiens K562 nuclear fraction	1	6229975	6828739	8679687	9815904
ENCFF807QJH	ENCSR000CRB	Homo sapiens K562 nuclear fraction	2	5516599	5222067	8322025	8163988
ENCFF849YVF	ENCSR000CRV	Homo sapiens SK-N-SH treated with 6 μM all-trans-retinoic acid for 48 hours	1	6460191	12281469	5927585	6382838
ENCFF751UON	ENCSR000CRV	Homo sapiens SK-N-SH treated with 6 μM all-trans-retinoic acid for 48 hours	2	5731497	12516146	5607669	7369246
ENCFF901YXB	ENCSR000CST	Homo sapiens IMR-90 nuclear fraction	1	4760997	48971143	41699719	1058763
ENCFF205RGY	ENCSR000CST	Homo sapiens IMR-90 nuclear fraction	2	4020831	57220391	24768973	319165
ENCFF344AGN	ENCSR000CSS	Homo sapiens IMR-90 nuclear fraction	1	3652251	51407825	30851684	658041
ENCFF223ZUQ	ENCSR000CSS	Homo sapiens IMR-90 nuclear fraction	2	3389926	63607834	22500468	284330
ENCFF299IGO	ENCSR000CSR	Homo sapiens hematopoietic multipotent progenitor cell	1	15610276	58096509	12656707	15012922
ENCFF619OUC	ENCSR000CSE	Homo sapiens IMR-90	1	19094625	52109352	21500687	13500336
ENCFF946EPF	ENCSR000CSE	Homo sapiens IMR-90	2	16160508	46611838	15932310	10404645
ENCFF268XCU	ENCSR000CSD	Homo sapiens IMR-90 nuclear fraction	1	21307955	86374402	1412413	19863617
ENCFF555MZU	ENCSR000CSD	Homo sapiens IMR-90 nuclear fraction	2	29078677	71206991	1929405	31531451
ENCFF222GGP	ENCSR000CSC	Homo sapiens IMR-90 cytosolic fraction	1	11750852	64156410	14153395	6021899
ENCFF964OPM	ENCSR000CSC	Homo sapiens IMR-90 cytosolic fraction	2	17012621	87587741	15487228	9053491
ENCFF670RSY	ENCSR000CRS	Homo sapiens keratinocyte female	1	6912541	11589318	3435571	6371986
ENCFF184MNJ	ENCSR000CRS	Homo sapiens keratinocyte female	2	7094693	8168602	2919536	4658775
ENCFF452BLH	ENCSR000CSI	Homo sapiens SK-N-SH nuclear fraction	3	23304546	90810493	2540741	25135798
ENCFF531ZHW	ENCSR000CSI	Homo sapiens SK-N-SH nuclear fraction	4	6690436	43826477	1374426	8242261
ENCFF662JNM	ENCSR000CSH	Homo sapiens SK-N-SH cytosolic fraction	3	9842698	56945105	46476961	9137748
ENCFF779AAW	ENCSR000CSH	Homo sapiens SK-N-SH cytosolic fraction	4	13781001	69856586	30277051	10174177
ENCFF992KQZ	ENCSR000CSJ	Homo sapiens SK-N-SH	3	14174452	80849684	26401207	16178681
ENCFF622UFZ	ENCSR000CSJ	Homo sapiens SK-N-SH	4	20083780	61441780	40907141	17181384
ENCFF044TES	ENCSR000CRT	Homo sapiens keratinocyte cytosolic fraction female	3	7171706	18416768	7014273	3615944
ENCFF443LTY	ENCSR000CRT	Homo sapiens keratinocyte cytosolic fraction female	4	7867864	12841821	8964911	4606399
ENCFF336JNV	ENCSR000CRU	Homo sapiens keratinocyte nuclear fraction female	3	11435806	1267142	1945642	12463642
ENCFF678ASG	ENCSR000CRU	Homo sapiens keratinocyte nuclear fraction female	4	15469439	2045047	1965935	11615662
ENCFF118NJR	ENCSR000CQZ	Homo sapiens K562 nucleolus fraction	3	9607860	6239107	1138242	8618168
ENCFF472BFD	ENCSR000CQZ	Homo sapiens K562 nucleolus fraction	4	7739964	5822484	726705	10150237
ENCFF047YOU	ENCSR000CQY	Homo sapiens K562 cytosolic fraction	1	2460226	11012713	6633990	3025035
ENCFF695REH	ENCSR000CQY	Homo sapiens K562 cytosolic fraction	2	2782545	11074452	4193971	3327162
ENCFF761API	ENCSR000CQX	Homo sapiens K562 chromatin fraction	3	3794784	11687378	7165999	1858891
ENCFF445EKO	ENCSR000CQX	Homo sapiens K562 chromatin fraction	4	3406249	11788152	1599032	2305027
ENCFF108STR	ENCSR000CQW	Homo sapiens GM12878 nuclear fraction	1	5134140	7500291	8833244	7804761
ENCFF752FVY	ENCSR000CQW	Homo sapiens GM12878 nuclear fraction	2	9533972	12553943	5909941	8900445
ENCFF228FRL	ENCSR000CQV	Homo sapiens GM12878 cytosolic fraction	1	2712745	13799601	2543397	2267344
ENCFF351PFB	ENCSR000CQV	Homo sapiens GM12878 cytosolic fraction	2	3801325	16954406	5834712	4677853
ENCFF122JQK	ENCSR000CVG	Homo sapiens placental pericyte female newborn and male newborn	1	36031144	120509855	18383501	27827643
ENCFF592BWV	ENCSR000CVG	Homo sapiens placental pericyte female newborn and male newborn	2	24901657	131901042	58225676	16177665
ENCFF362GNC	ENCSR000CRG	Homo sapiens BJ	1	4927548	10642583	6265998	7428345
ENCFF255TLL	ENCSR000CRG	Homo sapiens BJ	2	8356760	9467482	2567634	7764286
ENCFF990DXI	ENCSR000CVN	Homo sapiens CD14-positive monocyte female	1	5975653	11421259	8641059	8580215
ENCFF897LPG	ENCSR000CVN	Homo sapiens CD14-positive monocyte female	2	4630685	6678956	10521463	11937522
ENCFF935XKC	ENCSR000CTE	Homo sapiens A549 nuclear fraction	3	3296874	34929964	8145204	4404764
ENCFF635YVW	ENCSR000CTE	Homo sapiens A549 nuclear fraction	4	1648427	17626695	22987963	1257421
ENCFF065PDA	ENCSR000CSX	Homo sapiens MCF-7	3	5729539	44534414	32724852	4979976
ENCFF352YQY	ENCSR000CSX	Homo sapiens MCF-7	4	6413996	45151357	16102886	6889699
ENCFF381DID	ENCSR000CSW	Homo sapiens MCF-7	3	13041584	57211651	3826380	25759917
ENCFF052QRY	ENCSR000CSW	Homo sapiens MCF-7	4	12061126	55996799	2745707	28527691
ENCFF789FUP	ENCSR000CSV	Homo sapiens MCF-7 nuclear fraction	3	18755622	27374896	1370991	15409704
ENCFF861MGU	ENCSR000CSV	Homo sapiens MCF-7 nuclear fraction	4	26434416	40554864	1589076	20941674
ENCFF069EFV	ENCSR000CSU	Homo sapiens MCF-7 cytosolic fraction	3	13081174	53295362	5629107	24617106
ENCFF173JAM	ENCSR000CSU	Homo sapiens MCF-7 cytosolic fraction	4	12777968	67541633	5867664	25800833
ENCFF595XOU	ENCSR000CSO	Homo sapiens A549	3	4187677	39319650	43618248	3755210
ENCFF834PUN	ENCSR000CSO	Homo sapiens A549	4	3060602	37101206	36192825	2155190
ENCFF520NBX	ENCSR000CSN	Homo sapiens A549 nuclear fraction	3	24679557	39516926	944476	23323668
ENCFF544EYX	ENCSR000CSN	Homo sapiens A549 nuclear fraction	4	21962891	34148749	818321	19554779
ENCFF799MOM	ENCSR000CSM	Homo sapiens A549 cytosolic fraction	3	2935261	37217968	34041229	1961285
ENCFF011ALB	ENCSR000CSM	Homo sapiens A549 cytosolic fraction	4	5631799	71013717	11823814	7534185
ENCFF636ADA	ENCSR000CSL	Homo sapiens A549	3	8495210	66411781	4819681	14203933
ENCFF900UTA	ENCSR000CSL	Homo sapiens A549	4	8764436	57290831	5591627	15410339
ENCFF192STD	ENCSR000CSK	Homo sapiens A549 cytosolic fraction	3	7650945	60917031	5119284	12119071
ENCFF732ZTA	ENCSR000CSK	Homo sapiens A549 cytosolic fraction	4	8606034	65526820	5121744	12106149
ENCFF730YNG	ENCSR000CSG	Homo sapiens MCF-7 nuclear fraction	3	21633114	68933692	3566245	17811846
ENCFF271TDC	ENCSR000CSG	Homo sapiens MCF-7 nuclear fraction	4	20780200	63569102	2959686	16907970
ENCFF892HBV	ENCSR000CSF	Homo sapiens MCF-7 cytosolic fraction	3	12330433	50654344	23512519	17502926
ENCFF423QSR	ENCSR000CSF	Homo sapiens MCF-7 cytosolic fraction	4	9608050	45686914	42179303	11440813
ENCFF239FWJ	ENCSR000CSB	Homo sapiens A549 nuclear fraction	3	16335115	80564426	7060435	16929153
ENCFF240PYG	ENCSR000CSB	Homo sapiens A549 nuclear fraction	4	13662771	61486490	2491902	13091554
ENCFF667AQB	ENCSR000CSA	Homo sapiens A549 cytosolic fraction	3	6382459	34730383	57504844	6831645
ENCFF513LMJ	ENCSR000CSA	Homo sapiens A549 cytosolic fraction	4	5816538	31750509	56352008	7475445
ENCFF602ZPT	ENCSR000CRW	Homo sapiens A549	1	6731830	33490679	54507641	8850918
ENCFF587QHI	ENCSR000CRW	Homo sapiens A549	2	7095810	37610919	50981916	10327318
ENCFF672TJW	ENCSR000CRR	Homo sapiens MCF-7	1	12975253	54273850	21701824	15372871
ENCFF795TIN	ENCSR000CRR	Homo sapiens MCF-7	2	8933262	40265688	37060144	13215769
ENCFF360IHM	ENCSR000CRQ	Homo sapiens HeLa-S3	1	7540101	9239636	7136058	5347171
ENCFF612ZIR	ENCSR000CRQ	Homo sapiens HeLa-S3	2	5985237	8281439	5027755	9583048
ENCFF729EQX	ENCSR000CRP	Homo sapiens HeLa-S3 nuclear fraction	1	14631158	3424763	1959436	6117731
ENCFF806EYY	ENCSR000CRP	Homo sapiens HeLa-S3 nuclear fraction	2	11573685	4393859	1419039	5506231
ENCFF902KUU	ENCSR000CRO	Homo sapiens HeLa-S3 cytosolic fraction	1	6749593	10725417	7701179	4004745
ENCFF495ZXC	ENCSR000CRO	Homo sapiens HeLa-S3 cytosolic fraction	2	6753956	11006930	5092608	6278874
ENCFF253NNP	ENCSR000CRL	Homo sapiens H1 nuclear fraction	2	15322401	3539784	3341651	8118126
ENCFF569LCT	ENCSR000CRK	Homo sapiens H1 cytosolic fraction	2	9804439	3719839	1280884	727544
ENCFF320GIV	ENCSR000CRJ	Homo sapiens H1	1	19575386	4266786	2770687	2022430
ENCFF981WGH	ENCSR000CRJ	Homo sapiens H1	2	17234049	4444534	3081980	1657027
ENCFF355FDL	ENCSR000AFP	Homo sapiens urinary bladder tissue female embryo (20 weeks)	1	37604544	19568907	4496896	11033849
ENCFF475FEZ	ENCSR000AES	Homo sapiens K562	1	34840221	38675883	21185569	19973476
ENCFF132YIA	ENCSR000AES	Homo sapiens K562	2	30021273	26054625	10569815	26084840
ENCFF027BMZ	ENCSR000AGA	Homo sapiens skin of body tissue female embryo (24 weeks) and male embryo (22 weeks)	1	43272819	19601141	2688635	13091880
ENCFF906ZDC	ENCSR000AGA	Homo sapiens skin of body tissue female embryo (24 weeks) and male embryo (22 weeks)	2	35435483	26823629	3686946	9980320
ENCFF773KOO	ENCSR000AFU	Homo sapiens metanephros tissue female embryo (20 weeks) and female embryo (24 weeks)	1	43757310	15264225	1798781	17328611
ENCFF959SWN	ENCSR000AFU	Homo sapiens metanephros tissue female embryo (20 weeks) and female embryo (24 weeks)	2	39013763	21338414	2588150	13988851
ENCFF106VYG	ENCSR000AFW	Homo sapiens lung tissue female embryo (20 weeks) and female embryo (24 weeks)	1	53434968	25348944	2874119	21830028
ENCFF502JOS	ENCSR000AFW	Homo sapiens lung tissue female embryo (20 weeks) and female embryo (24 weeks)	2	30383663	19245645	2534108	14009860
ENCFF538VTN	ENCSR000AGH	Homo sapiens uterus tissue female embryo (24 weeks) and female embryo (28 weeks)	1	43339574	23837261	2651626	16968172
ENCFF572KQZ	ENCSR000AGH	Homo sapiens uterus tissue female embryo (24 weeks) and female embryo (28 weeks)	2	49765319	20870697	2517539	16589046
ENCFF497MNY	ENCSR000AEJ	Homo sapiens GM12878	1	28456521	29995802	12805797	34443437
ENCFF333QCW	ENCSR000AEJ	Homo sapiens GM12878	2	17473299	36982905	24065114	27447626
ENCFF420GIX	ENCSR000AGE	Homo sapiens thyroid gland tissue female embryo (37 weeks) and female embryo (40 weeks)	1	35868967	19407242	2381526	15255867
ENCFF857CMU	ENCSR000AGE	Homo sapiens thyroid gland tissue female embryo (37 weeks) and female embryo (40 weeks)	2	59675995	29876512	4797961	27477846
ENCFF206SHD	ENCSR000AFZ	Homo sapiens skeletal muscle tissue tissue female embryo (19 weeks) and male embryo (22 weeks)	1	44610850	20642224	3284769	12664978
ENCFF306DTG	ENCSR000AFZ	Homo sapiens skeletal muscle tissue tissue female embryo (19 weeks) and male embryo (22 weeks)	2	33700639	13181786	1491085	9639321
ENCFF835GQJ	ENCSR000AFT	Homo sapiens heart tissue female embryo (19 weeks) and female embryo (28 weeks)	1	31880226	24757869	2807645	12281611
ENCFF498NLK	ENCSR000AFT	Homo sapiens heart tissue female embryo (19 weeks) and female embryo (28 weeks)	2	51588019	24153911	2786347	23184928
ENCFF780KDV	ENCSR000AFR	Homo sapiens diencephalon tissue female embryo (20 weeks) and male embryo (22 weeks)	1	35265456	17587633	2076937	9588997
ENCFF776MTF	ENCSR000AFR	Homo sapiens diencephalon tissue female embryo (20 weeks) and male embryo (22 weeks)	2	39964443	20648977	2779488	13559469
ENCFF927BAB	ENCSR000AGF	Homo sapiens tongue tissue female embryo (20 weeks) and female embryo (24 weeks)	1	65872368	24584885	4945629	21024936
ENCFF814TTI	ENCSR000AGF	Homo sapiens tongue tissue female embryo (20 weeks) and female embryo (24 weeks)	2	29619602	22924820	4564072	10986843
ENCFF136QQG	ENCSR000AGB	Homo sapiens spinal cord tissue female embryo (24 weeks) and male embryo (22 weeks)	1	27335653	15399487	1930646	10873440
ENCFF954DDW	ENCSR000AGB	Homo sapiens spinal cord tissue female embryo (24 weeks) and male embryo (22 weeks)	2	52300782	35195595	4878135	17833385
ENCFF888RWL	ENCSR000AFY	Homo sapiens parietal lobe tissue female embryo (24 weeks) and male embryo (22 weeks)	1	25841504	16855641	1624357	10253979
ENCFF228RHQ	ENCSR000AFY	Homo sapiens parietal lobe tissue female embryo (24 weeks) and male embryo (22 weeks)	2	33365398	20603627	1953730	9884305
ENCFF358UBG	ENCSR000AFX	Homo sapiens occipital lobe tissue female embryo (20 weeks) and male embryo (22 weeks)	1	35043284	21000571	1408912	10618926
ENCFF844JQT	ENCSR000AFX	Homo sapiens occipital lobe tissue female embryo (20 weeks) and male embryo (22 weeks)	2	30511802	15108754	892365	9528907
ENCFF884MUH	ENCSR000AFV	Homo sapiens liver tissue female embryo (20 weeks)	1	46380307	22822425	4924601	15198341
ENCFF314LPK	ENCSR000AFS	Homo sapiens frontal cortex tissue female embryo (20 weeks) and male embryo (22 weeks)	1	40227307	20050027	1540431	14796448
ENCFF484IXG	ENCSR000AFS	Homo sapiens frontal cortex tissue female embryo (20 weeks) and male embryo (22 weeks)	2	34164923	20115254	2067779	16419862
ENCFF478BQT	ENCSR000AGD	Homo sapiens temporal lobe tissue female embryo (20 weeks) and female embryo (24 weeks)	1	38354357	27788008	2843827	14119740
ENCFF590RAN	ENCSR000AGD	Homo sapiens temporal lobe tissue female embryo (20 weeks) and female embryo (24 weeks)	2	32672513	30519656	2922983	13398000
ENCFF231OME	ENCSR000AFQ	Homo sapiens cerebellum tissue female embryo (19 weeks) and female embryo (37 weeks)	1	31919434	21885458	2846167	15248581
ENCFF444BMK	ENCSR000AFQ	Homo sapiens cerebellum tissue female embryo (19 weeks) and female embryo (37 weeks)	2	44087909	21413531	2603980	15221333
ENCFF282GXN	ENCSR000CTJ	Homo sapiens SK-N-SH	3	9554913	45540354	3920796	11812035
ENCFF614MIV	ENCSR000CTJ	Homo sapiens SK-N-SH	4	10124860	32153701	6357934	10628105
ENCFF739XQV	ENCSR000CTH	Homo sapiens IMR-90	1	20131916	42303461	18687045	9751684
ENCFF719OLV	ENCSR000CTH	Homo sapiens IMR-90	2	26466002	56618766	13425211	16356723
ENCFF533OAW	ENCSR000CTI	Homo sapiens IMR-90	1	10167042	59958990	17563244	2460780
ENCFF164WTU	ENCSR000CTI	Homo sapiens IMR-90	2	4441288	30565597	41981898	1755771
ENCFF183NHF	ENCSR000CTA	Homo sapiens SK-N-SH nuclear fraction	3	13863286	35117960	1465790	13102769
ENCFF728FBV	ENCSR000CTA	Homo sapiens SK-N-SH nuclear fraction	4	17903942	41853642	1861202	15863475
ENCFF661HJI	ENCSR000CSZ	Homo sapiens SK-N-SH cytosolic fraction	3	10459357	57204142	9043369	9362356
ENCFF477BPA	ENCSR000CSZ	Homo sapiens SK-N-SH cytosolic fraction	4	9086382	55120163	8146245	9015422
ENCFF068AUY	ENCSR000CTD	Homo sapiens SK-N-SH	3	1586568	24294034	62921599	630500
ENCFF195REG	ENCSR000CTD	Homo sapiens SK-N-SH	4	2111992	22609774	46867400	1417395
ENCFF290OMJ	ENCSR000CTC	Homo sapiens SK-N-SH nuclear fraction	3	3211684	51509137	11306360	4861666
ENCFF154KXY	ENCSR000CTC	Homo sapiens SK-N-SH nuclear fraction	4	3446810	77517070	9317627	6199069
ENCFF892YNN	ENCSR000CTB	Homo sapiens SK-N-SH cytosolic fraction	3	4470318	47792716	56601670	2502268
ENCFF186GWX	ENCSR000CTB	Homo sapiens SK-N-SH cytosolic fraction	4	3719432	45968244	50400485	1910597
ENCFF608SNC	ENCSR000CTG	Homo sapiens IMR-90 cytosolic fraction	1	7364285	53026337	16633536	1687517
ENCFF752OQC	ENCSR000CTG	Homo sapiens IMR-90 cytosolic fraction	2	15400425	55647358	7566622	7584147
ENCFF291FIC	ENCSR000CTF	Homo sapiens IMR-90 cytosolic fraction	1	3269666	39178467	33585769	1047736
ENCFF509XVO	ENCSR000CTF	Homo sapiens IMR-90 cytosolic fraction	2	2812479	54915147	22302429	208934
