n_states	burial	mean_degree	rewiring	max_turnover	n_lost_max	core_frac	family	ref_pos	pathway
1	1.0	1.0	0.0	0.0	0	1.0	U1	1	major
1	1.0	1.0	0.0	0.0	0	1.0	U1	2	major
1	0.0	0.0	0.0	0.0	0	0.0	U1	3	major
1	1.0	1.0	0.0	0.0	0	1.0	U1	4	major
1	0.0	0.0	0.0	0.0	0	0.0	U1	5	major
1	1.0	1.0	0.0	0.0	0	1.0	U1	6	major
1	1.0	1.0	0.0	0.0	0	1.0	U1	7	major
1	1.0	1.0	0.0	0.0	0	1.0	U1	8	major
1	1.0	2.0	0.0	0.0	0	1.0	U1	9	major
1	1.0	2.0	0.0	0.0	0	1.0	U1	10	major
1	1.0	2.0	0.0	0.0	0	1.0	U1	11	major
1	1.0	1.0	0.0	0.0	0	1.0	U1	12	major
1	0.0	0.0	0.0	0.0	0	0.0	U1	13	major
1	0.0	0.0	0.0	0.0	0	0.0	U1	14	major
1	0.0	0.0	0.0	0.0	0	0.0	U1	15	major
1	0.0	0.0	0.0	0.0	0	0.0	U1	16	major
1	0.0	0.0	0.0	0.0	0	0.0	U1	17	major
1	0.0	0.0	0.0	0.0	0	0.0	U1	18	major
1	1.0	1.0	0.0	0.0	0	1.0	U1	19	major
1	1.0	1.0	0.0	0.0	0	1.0	U1	20	major
1	1.0	1.0	0.0	0.0	0	1.0	U1	21	major
1	1.0	1.0	0.0	0.0	0	1.0	U1	22	major
1	0.0	0.0	0.0	0.0	0	0.0	U1	23	major
1	0.0	0.0	0.0	0.0	0	0.0	U1	24	major
1	0.0	0.0	0.0	0.0	0	0.0	U1	25	major
1	0.0	0.0	0.0	0.0	0	0.0	U1	26	major
1	0.0	0.0	0.0	0.0	0	0.0	U1	27	major
1	1.0	1.0	0.0	0.0	0	1.0	U1	28	major
1	1.0	1.0	0.0	0.0	0	1.0	U1	29	major
1	1.0	1.0	0.0	0.0	0	1.0	U1	30	major
1	1.0	1.0	0.0	0.0	0	1.0	U1	31	major
1	1.0	1.0	0.0	0.0	0	1.0	U1	32	major
1	0.0	0.0	0.0	0.0	0	0.0	U1	32	minor
1	1.0	1.0	0.0	0.0	0	1.0	U1	33	major
1	1.0	1.0	0.0	0.0	0	1.0	U1	33	minor
1	1.0	1.0	0.0	0.0	0	1.0	U1	34	major
1	1.0	1.0	0.0	0.0	0	1.0	U1	34	minor
1	1.0	1.0	0.0	0.0	0	1.0	U1	35	major
1	0.0	0.0	0.0	0.0	0	0.0	U1	35	minor
1	1.0	1.0	0.0	0.0	0	1.0	U1	36	major
1	1.0	1.0	0.0	0.0	0	1.0	U1	36	minor
1	1.0	1.0	0.0	0.0	0	1.0	U1	37	major
1	1.0	1.0	0.0	0.0	0	1.0	U1	37	minor
1	1.0	1.0	0.0	0.0	0	1.0	U1	38	major
1	1.0	1.0	0.0	0.0	0	1.0	U1	38	minor
1	0.0	0.0	0.0	0.0	0	0.0	U1	39	major
1	0.0	0.0	0.0	0.0	0	0.0	U1	40	major
1	1.0	2.0	0.0	0.0	0	1.0	U1	40	minor
1	0.0	0.0	0.0	0.0	0	0.0	U1	41	major
1	1.0	2.0	0.0	0.0	0	1.0	U1	41	minor
1	0.0	0.0	0.0	0.0	0	0.0	U1	42	major
1	1.0	1.0	0.0	0.0	0	1.0	U1	42	minor
1	0.0	0.0	0.0	0.0	0	0.0	U1	43	major
1	0.0	0.0	0.0	0.0	0	0.0	U1	43	minor
1	0.0	0.0	0.0	0.0	0	0.0	U1	44	major
1	0.0	0.0	0.0	0.0	0	0.0	U1	44	minor
1	0.0	0.0	0.0	0.0	0	0.0	U1	45	major
1	0.0	0.0	0.0	0.0	0	0.0	U1	45	minor
1	0.0	0.0	0.0	0.0	0	0.0	U1	46	major
1	0.0	0.0	0.0	0.0	0	0.0	U1	46	minor
1	1.0	1.0	0.0	0.0	0	1.0	U1	47	major
1	0.0	0.0	0.0	0.0	0	0.0	U1	47	minor
1	0.0	0.0	0.0	0.0	0	0.0	U1	48	major
1	0.0	0.0	0.0	0.0	0	0.0	U1	48	minor
1	0.0	0.0	0.0	0.0	0	0.0	U1	49	major
1	0.0	0.0	0.0	0.0	0	0.0	U1	50	major
1	0.0	0.0	0.0	0.0	0	0.0	U1	50	minor
1	0.0	0.0	0.0	0.0	0	0.0	U1	51	major
1	1.0	1.0	0.0	0.0	0	1.0	U1	51	minor
1	0.0	0.0	0.0	0.0	0	0.0	U1	52	major
1	1.0	2.0	0.0	0.0	0	1.0	U1	52	minor
1	0.0	0.0	0.0	0.0	0	0.0	U1	53	major
1	1.0	2.0	0.0	0.0	0	1.0	U1	53	minor
1	0.0	0.0	0.0	0.0	0	0.0	U1	54	major
1	1.0	1.0	0.0	0.0	0	1.0	U1	54	minor
1	0.0	0.0	0.0	0.0	0	0.0	U1	55	major
1	1.0	2.0	0.0	0.0	0	1.0	U1	55	minor
1	0.0	0.0	0.0	0.0	0	0.0	U1	56	major
1	1.0	1.0	0.0	0.0	0	1.0	U1	56	minor
1	0.0	0.0	0.0	0.0	0	0.0	U1	57	major
1	1.0	1.0	0.0	0.0	0	1.0	U1	57	minor
1	0.0	0.0	0.0	0.0	0	0.0	U1	58	major
1	0.0	0.0	0.0	0.0	0	0.0	U1	58	minor
1	0.0	0.0	0.0	0.0	0	0.0	U1	59	major
1	0.0	0.0	0.0	0.0	0	0.0	U1	59	minor
1	1.0	1.0	0.0	0.0	0	1.0	U1	60	major
1	0.0	0.0	0.0	0.0	0	0.0	U1	60	minor
1	0.0	0.0	0.0	0.0	0	0.0	U1	61	major
1	0.0	0.0	0.0	0.0	0	0.0	U1	61	minor
1	0.0	0.0	0.0	0.0	0	0.0	U1	62	major
1	0.0	0.0	0.0	0.0	0	0.0	U1	62	minor
1	0.0	0.0	0.0	0.0	0	0.0	U1	63	major
1	0.0	0.0	0.0	0.0	0	0.0	U1	63	minor
1	0.0	0.0	0.0	0.0	0	0.0	U1	64	major
1	0.0	0.0	0.0	0.0	0	0.0	U1	64	minor
1	1.0	1.0	0.0	0.0	0	1.0	U1	65	major
1	1.0	1.0	0.0	0.0	0	1.0	U1	65	minor
1	1.0	1.0	0.0	0.0	0	1.0	U1	66	major
1	1.0	1.0	0.0	0.0	0	1.0	U1	66	minor
1	1.0	1.0	0.0	0.0	0	1.0	U1	67	major
1	0.0	0.0	0.0	0.0	0	0.0	U1	67	minor
1	1.0	1.0	0.0	0.0	0	1.0	U1	68	major
1	0.0	0.0	0.0	0.0	0	0.0	U1	68	minor
1	1.0	1.0	0.0	0.0	0	1.0	U1	69	major
1	0.0	0.0	0.0	0.0	0	0.0	U1	69	minor
1	1.0	1.0	0.0	0.0	0	1.0	U1	70	major
1	0.0	0.0	0.0	0.0	0	0.0	U1	70	minor
1	1.0	1.0	0.0	0.0	0	1.0	U1	71	major
1	0.0	0.0	0.0	0.0	0	0.0	U1	71	minor
1	1.0	1.0	0.0	0.0	0	1.0	U1	72	major
1	0.0	0.0	0.0	0.0	0	0.0	U1	73	major
1	1.0	1.0	0.0	0.0	0	1.0	U1	74	major
1	1.0	1.0	0.0	0.0	0	1.0	U1	75	major
1	0.0	0.0	0.0	0.0	0	0.0	U1	76	major
1	0.0	0.0	0.0	0.0	0	0.0	U1	77	major
1	0.0	0.0	0.0	0.0	0	0.0	U1	77	minor
1	0.0	0.0	0.0	0.0	0	0.0	U1	78	major
1	0.0	0.0	0.0	0.0	0	0.0	U1	78	minor
1	0.0	0.0	0.0	0.0	0	0.0	U1	79	major
1	0.0	0.0	0.0	0.0	0	0.0	U1	80	major
1	0.0	0.0	0.0	0.0	0	0.0	U1	80	minor
1	0.0	0.0	0.0	0.0	0	0.0	U1	81	major
1	0.0	0.0	0.0	0.0	0	0.0	U1	81	minor
1	1.0	1.0	0.0	0.0	0	1.0	U1	82	major
1	0.0	0.0	0.0	0.0	0	0.0	U1	82	minor
1	0.0	0.0	0.0	0.0	0	0.0	U1	83	major
1	0.0	0.0	0.0	0.0	0	0.0	U1	83	minor
1	0.0	0.0	0.0	0.0	0	0.0	U1	84	major
1	0.0	0.0	0.0	0.0	0	0.0	U1	85	major
1	0.0	0.0	0.0	0.0	0	0.0	U1	85	minor
1	0.0	0.0	0.0	0.0	0	0.0	U1	86	major
1	0.0	0.0	0.0	0.0	0	0.0	U1	86	minor
1	0.0	0.0	0.0	0.0	0	0.0	U1	87	major
1	1.0	1.0	0.0	0.0	0	1.0	U1	87	minor
1	0.0	0.0	0.0	0.0	0	0.0	U1	88	major
1	1.0	1.0	0.0	0.0	0	1.0	U1	88	minor
1	0.0	0.0	0.0	0.0	0	0.0	U1	89	major
1	1.0	1.0	0.0	0.0	0	1.0	U1	89	minor
1	0.0	0.0	0.0	0.0	0	0.0	U1	90	major
1	1.0	1.0	0.0	0.0	0	1.0	U1	90	minor
1	0.0	0.0	0.0	0.0	0	0.0	U1	91	major
1	0.0	0.0	0.0	0.0	0	0.0	U1	91	minor
1	0.0	0.0	0.0	0.0	0	0.0	U1	92	major
1	0.0	0.0	0.0	0.0	0	0.0	U1	92	minor
1	0.0	0.0	0.0	0.0	0	0.0	U1	93	major
1	0.0	0.0	0.0	0.0	0	0.0	U1	93	minor
1	0.0	0.0	0.0	0.0	0	0.0	U1	94	major
1	0.0	0.0	0.0	0.0	0	0.0	U1	94	minor
1	0.0	0.0	0.0	0.0	0	0.0	U1	95	major
1	0.0	0.0	0.0	0.0	0	0.0	U1	95	minor
1	0.0	0.0	0.0	0.0	0	0.0	U1	96	major
1	0.0	0.0	0.0	0.0	0	0.0	U1	96	minor
1	0.0	0.0	0.0	0.0	0	0.0	U1	97	major
1	0.0	0.0	0.0	0.0	0	0.0	U1	97	minor
1	0.0	0.0	0.0	0.0	0	0.0	U1	98	major
1	0.0	0.0	0.0	0.0	0	0.0	U1	99	major
1	0.0	0.0	0.0	0.0	0	0.0	U1	100	major
1	1.0	2.0	0.0	0.0	0	1.0	U1	100	minor
1	0.0	0.0	0.0	0.0	0	0.0	U1	101	major
1	1.0	2.0	0.0	0.0	0	1.0	U1	101	minor
1	0.0	0.0	0.0	0.0	0	0.0	U1	102	major
1	1.0	1.0	0.0	0.0	0	1.0	U1	102	minor
1	0.0	0.0	0.0	0.0	0	0.0	U1	103	major
1	1.0	3.0	0.0	0.0	0	1.0	U1	103	minor
1	1.0	1.0	0.0	0.0	0	1.0	U1	104	major
1	1.0	1.0	0.0	0.0	0	1.0	U1	104	minor
1	1.0	1.0	0.0	0.0	0	1.0	U1	105	major
1	1.0	1.0	0.0	0.0	0	1.0	U1	105	minor
1	0.0	0.0	0.0	0.0	0	0.0	U1	106	major
1	1.0	1.0	0.0	0.0	0	1.0	U1	106	minor
1	0.0	0.0	0.0	0.0	0	0.0	U1	107	major
1	1.0	1.0	0.0	0.0	0	1.0	U1	107	minor
1	0.0	0.0	0.0	0.0	0	0.0	U1	108	major
1	1.0	2.0	0.0	0.0	0	1.0	U1	108	minor
1	0.0	0.0	0.0	0.0	0	0.0	U1	109	major
1	1.0	2.0	0.0	0.0	0	1.0	U1	109	minor
1	0.0	0.0	0.0	0.0	0	0.0	U1	110	major
1	1.0	2.0	0.0	0.0	0	1.0	U1	110	minor
1	0.0	0.0	0.0	0.0	0	0.0	U1	111	major
1	1.0	1.0	0.0	0.0	0	1.0	U1	111	minor
1	0.0	0.0	0.0	0.0	0	0.0	U1	112	major
1	1.0	1.0	0.0	0.0	0	1.0	U1	112	minor
1	0.0	0.0	0.0	0.0	0	0.0	U1	113	major
1	1.0	2.0	0.0	0.0	0	1.0	U1	113	minor
1	0.0	0.0	0.0	0.0	0	0.0	U1	114	major
1	1.0	1.0	0.0	0.0	0	1.0	U1	114	minor
1	0.0	0.0	0.0	0.0	0	0.0	U1	115	major
1	1.0	1.0	0.0	0.0	0	1.0	U1	115	minor
1	1.0	1.0	0.0	0.0	0	1.0	U1	116	major
1	1.0	1.0	0.0	0.0	0	1.0	U1	116	minor
1	1.0	1.0	0.0	0.0	0	1.0	U1	117	major
1	1.0	1.0	0.0	0.0	0	1.0	U1	117	minor
1	1.0	2.0	0.0	0.0	0	1.0	U1	118	major
1	1.0	1.0	0.0	0.0	0	1.0	U1	118	minor
1	0.0	0.0	0.0	0.0	0	0.0	U1	119	major
1	0.0	0.0	0.0	0.0	0	0.0	U1	119	minor
1	0.0	0.0	0.0	0.0	0	0.0	U1	120	major
1	0.0	0.0	0.0	0.0	0	0.0	U1	120	minor
1	1.0	2.0	0.0	0.0	0	1.0	U1	121	major
1	1.0	1.0	0.0	0.0	0	1.0	U1	121	minor
1	1.0	2.0	0.0	0.0	0	1.0	U1	122	major
1	1.0	2.0	0.0	0.0	0	1.0	U1	122	minor
1	1.0	1.0	0.0	0.0	0	1.0	U1	123	major
1	1.0	1.0	0.0	0.0	0	1.0	U1	123	minor
1	1.0	2.0	0.0	0.0	0	1.0	U1	124	major
1	1.0	2.0	0.0	0.0	0	1.0	U1	124	minor
1	1.0	2.0	0.0	0.0	0	1.0	U1	125	major
1	1.0	2.0	0.0	0.0	0	1.0	U1	125	minor
1	1.0	2.0	0.0	0.0	0	1.0	U1	126	major
1	1.0	2.0	0.0	0.0	0	1.0	U1	126	minor
1	1.0	3.0	0.0	0.0	0	1.0	U1	127	major
1	1.0	3.0	0.0	0.0	0	1.0	U1	127	minor
1	1.0	3.0	0.0	0.0	0	1.0	U1	128	major
1	1.0	3.0	0.0	0.0	0	1.0	U1	128	minor
1	1.0	3.0	0.0	0.0	0	1.0	U1	129	major
1	1.0	3.0	0.0	0.0	0	1.0	U1	129	minor
1	1.0	2.0	0.0	0.0	0	1.0	U1	130	major
1	1.0	3.0	0.0	0.0	0	1.0	U1	130	minor
1	1.0	3.0	0.0	0.0	0	1.0	U1	131	major
1	1.0	3.0	0.0	0.0	0	1.0	U1	131	minor
1	1.0	4.0	0.0	0.0	0	1.0	U1	132	major
1	1.0	3.0	0.0	0.0	0	1.0	U1	132	minor
1	1.0	3.0	0.0	0.0	0	1.0	U1	133	major
1	0.0	0.0	0.0	0.0	0	0.0	U1	133	minor
1	1.0	3.0	0.0	0.0	0	1.0	U1	134	major
1	1.0	3.0	0.0	0.0	0	1.0	U1	134	minor
1	1.0	3.0	0.0	0.0	0	1.0	U1	135	major
1	1.0	2.0	0.0	0.0	0	1.0	U1	135	minor
1	1.0	3.0	0.0	0.0	0	1.0	U1	136	major
1	0.0	0.0	0.0	0.0	0	0.0	U1	136	minor
1	1.0	1.0	0.0	0.0	0	1.0	U1	137	major
1	0.0	0.0	0.0	0.0	0	0.0	U1	137	minor
1	1.0	2.0	0.0	0.0	0	1.0	U1	138	major
1	1.0	1.0	0.0	0.0	0	1.0	U1	138	minor
1	1.0	1.0	0.0	0.0	0	1.0	U1	139	major
1	1.0	1.0	0.0	0.0	0	1.0	U1	139	minor
1	1.0	1.0	0.0	0.0	0	1.0	U1	140	major
1	0.0	0.0	0.0	0.0	0	0.0	U1	140	minor
1	1.0	1.0	0.0	0.0	0	1.0	U1	141	major
1	1.0	1.0	0.0	0.0	0	1.0	U1	141	minor
1	0.0	0.0	0.0	0.0	0	0.0	U1	142	major
1	1.0	1.0	0.0	0.0	0	1.0	U1	142	minor
1	0.0	0.0	0.0	0.0	0	0.0	U1	143	major
1	1.0	2.0	0.0	0.0	0	1.0	U1	143	minor
1	0.0	0.0	0.0	0.0	0	0.0	U1	144	major
1	1.0	2.0	0.0	0.0	0	1.0	U1	144	minor
1	0.0	0.0	0.0	0.0	0	0.0	U1	145	major
1	1.0	2.0	0.0	0.0	0	1.0	U1	145	minor
1	0.0	0.0	0.0	0.0	0	0.0	U1	146	major
1	1.0	1.0	0.0	0.0	0	1.0	U1	146	minor
1	0.0	0.0	0.0	0.0	0	0.0	U1	147	major
1	0.0	0.0	0.0	0.0	0	0.0	U1	148	major
1	0.0	0.0	0.0	0.0	0	0.0	U1	148	minor
1	0.0	0.0	0.0	0.0	0	0.0	U1	149	major
1	0.0	0.0	0.0	0.0	0	0.0	U1	149	minor
1	0.0	0.0	0.0	0.0	0	0.0	U1	150	major
1	0.0	0.0	0.0	0.0	0	0.0	U1	150	minor
1	0.0	0.0	0.0	0.0	0	0.0	U1	151	major
1	0.0	0.0	0.0	0.0	0	0.0	U1	151	minor
1	0.0	0.0	0.0	0.0	0	0.0	U1	152	major
1	0.0	0.0	0.0	0.0	0	0.0	U1	152	minor
1	0.0	0.0	0.0	0.0	0	0.0	U1	153	major
1	0.0	0.0	0.0	0.0	0	0.0	U1	154	major
1	0.0	0.0	0.0	0.0	0	0.0	U1	155	major
1	0.0	0.0	0.0	0.0	0	0.0	U1	156	major
1	0.0	0.0	0.0	0.0	0	0.0	U1	157	major
1	0.0	0.0	0.0	0.0	0	0.0	U1	158	major
1	0.0	0.0	0.0	0.0	0	0.0	U1	159	major
1	0.0	0.0	0.0	0.0	0	0.0	U1	159	minor
1	0.0	0.0	0.0	0.0	0	0.0	U1	160	major
1	1.0	1.0	0.0	0.0	0	1.0	U1	160	minor
1	0.0	0.0	0.0	0.0	0	0.0	U1	161	major
1	1.0	1.0	0.0	0.0	0	1.0	U1	161	minor
1	0.0	0.0	0.0	0.0	0	0.0	U1	162	major
1	1.0	1.0	0.0	0.0	0	1.0	U1	162	minor
1	0.0	0.0	0.0	0.0	0	0.0	U1	163	major
1	1.0	1.0	0.0	0.0	0	1.0	U1	163	minor
1	1.0	1.0	0.0	0.0	0	1.0	U1	164	major
1	1.0	3.0	0.0	0.0	0	1.0	U1	164	minor
3	0.6666666666666666	0.6666666666666666	0.5	1.0	0	0.0	U2	1	major
3	0.6666666666666666	0.6666666666666666	0.5	1.0	0	0.0	U2	2	major
5	0.2	0.2	0.25	1.0	0	0.0	U2	3	major
5	0.0	0.0	0.0	0.0	0	0.0	U2	4	major
5	0.0	0.0	0.0	0.0	0	0.0	U2	5	major
5	0.0	0.0	0.0	0.0	0	0.0	U2	6	major
5	0.4	0.4	0.75	1.0	1	0.0	U2	7	major
5	0.6	0.6	0.5	1.0	1	0.0	U2	8	major
5	0.4	0.4	0.75	1.0	1	0.0	U2	9	major
5	0.6	0.8	0.625	1.0	1	0.0	U2	10	major
5	0.4	0.4	0.25	1.0	0	0.0	U2	11	major
6	0.5	0.6666666666666666	0.5	1.0	1	0.0	U2	12	major
6	0.3333333333333333	0.8333333333333334	0.2666666666666667	1.0	0	0.0	U2	13	major
5	0.4	1.2	0.25	1.0	0	0.0	U2	14	major
3	1.0	2.3333333333333335	0.33333333333333337	0.6666666666666667	0	0.3333333333333333	U2	15	major
3	1.0	1.6666666666666667	0.5	1.0	1	0.0	U2	16	major
3	1.0	1.6666666666666667	0.25	0.5	0	0.5	U2	17	major
3	0.6666666666666666	2.0	0.5	1.0	0	0.0	U2	18	major
5	0.6	1.8	0.75	1.0	1	0.0	U2	19	major
5	0.8	1.4	0.5	1.0	1	0.0	U2	20	major
5	0.8	0.8	0.25	1.0	0	0.0	U2	21	major
5	0.8	0.8	0.5	1.0	1	0.0	U2	22	major
5	0.8	0.8	0.25	1.0	0	0.0	U2	23	major
5	1.0	2.4	0.45833333333333337	1.0	1	0.0	U2	24	major
5	0.8	0.8	0.75	1.0	1	0.0	U2	25	major
5	0.6	0.6	0.25	1.0	0	0.0	U2	26	major
5	0.2	0.2	0.5	1.0	1	0.0	U2	27	major
5	0.8	1.6	0.25	1.0	0	0.0	U2	28	major
5	0.8	1.2	0.5416666666666667	1.0	1	0.0	U2	29	major
5	0.8	1.0	0.5	1.0	1	0.0	U2	30	major
5	0.2	0.2	0.5	1.0	1	0.0	U2	31	major
6	0.3333333333333333	0.3333333333333333	0.4	1.0	1	0.0	U2	32	major
6	0.8333333333333334	1.1666666666666667	0.6	1.0	1	0.0	U2	33	major
6	1.0	1.3333333333333333	0.5	1.0	1	0.0	U2	34	major
6	1.0	1.3333333333333333	0.4333333333333334	1.0	1	0.0	U2	35	major
6	1.0	1.6666666666666667	0.4666666666666667	1.0	2	0.0	U2	36	major
6	0.8333333333333334	1.0	0.5	1.0	1	0.0	U2	37	major
6	0.6666666666666666	0.8333333333333334	0.8	1.0	2	0.0	U2	38	major
1	1.0	1.0	0.0	0.0	0	1.0	U2	38	minor
6	0.6666666666666666	0.8333333333333334	0.7	1.0	1	0.0	U2	39	major
1	0.0	0.0	0.0	0.0	0	0.0	U2	39	minor
6	0.5	0.6666666666666666	0.5	1.0	1	0.0	U2	40	major
1	1.0	1.0	0.0	0.0	0	1.0	U2	40	minor
6	0.6666666666666666	0.6666666666666666	0.6	1.0	1	0.0	U2	41	major
1	1.0	1.0	0.0	0.0	0	1.0	U2	41	minor
6	0.5	0.5	0.4	1.0	1	0.0	U2	42	major
1	1.0	1.0	0.0	0.0	0	1.0	U2	42	minor
6	0.0	0.0	0.0	0.0	0	0.0	U2	43	major
1	1.0	1.0	0.0	0.0	0	1.0	U2	43	minor
6	0.3333333333333333	0.3333333333333333	0.8	1.0	1	0.0	U2	44	major
1	1.0	3.0	0.0	0.0	0	1.0	U2	44	minor
6	0.5	0.5	0.6	1.0	1	0.0	U2	45	major
1	0.0	0.0	0.0	0.0	0	0.0	U2	45	minor
5	0.8	0.8	0.5	1.0	1	0.0	U2	46	major
1	1.0	2.0	0.0	0.0	0	1.0	U2	46	minor
4	0.25	0.25	0.3333333333333333	1.0	0	0.0	U2	47	major
1	1.0	3.0	0.0	0.0	0	1.0	U2	47	minor
5	0.2	0.4	0.25	1.0	0	0.0	U2	48	major
1	1.0	3.0	0.0	0.0	0	1.0	U2	48	minor
5	0.4	0.4	0.75	1.0	1	0.0	U2	49	major
1	1.0	1.0	0.0	0.0	0	1.0	U2	49	minor
5	0.4	0.6	0.75	1.0	1	0.0	U2	50	major
1	1.0	3.0	0.0	0.0	0	1.0	U2	50	minor
5	0.4	0.6	0.75	1.0	1	0.0	U2	51	major
1	1.0	1.0	0.0	0.0	0	1.0	U2	51	minor
5	0.4	0.4	0.75	1.0	1	0.0	U2	52	major
1	1.0	2.0	0.0	0.0	0	1.0	U2	52	minor
6	0.3333333333333333	0.5	0.6	1.0	1	0.0	U2	53	major
1	1.0	2.0	0.0	0.0	0	1.0	U2	53	minor
6	0.16666666666666666	0.16666666666666666	0.4	1.0	1	0.0	U2	54	major
1	1.0	1.0	0.0	0.0	0	1.0	U2	54	minor
6	0.16666666666666666	0.16666666666666666	0.4	1.0	1	0.0	U2	55	major
1	1.0	1.0	0.0	0.0	0	1.0	U2	55	minor
6	0.6666666666666666	1.3333333333333333	0.2	1.0	2	0.0	U2	56	major
1	1.0	2.0	0.0	0.0	0	1.0	U2	56	minor
6	0.5	0.5	0.4	1.0	1	0.0	U2	57	major
1	1.0	1.0	0.0	0.0	0	1.0	U2	57	minor
6	0.5	0.5	0.6	1.0	1	0.0	U2	58	major
1	1.0	1.0	0.0	0.0	0	1.0	U2	58	minor
5	0.6	0.6	0.25	1.0	1	0.0	U2	59	major
1	0.0	0.0	0.0	0.0	0	0.0	U2	59	minor
5	0.2	0.2	0.5	1.0	1	0.0	U2	60	major
1	0.0	0.0	0.0	0.0	0	0.0	U2	60	minor
4	0.25	0.25	0.6666666666666666	1.0	1	0.0	U2	61	major
1	0.0	0.0	0.0	0.0	0	0.0	U2	61	minor
4	0.25	0.25	0.6666666666666666	1.0	1	0.0	U2	62	major
4	0.25	0.25	0.6666666666666666	1.0	1	0.0	U2	63	major
1	0.0	0.0	0.0	0.0	0	0.0	U2	63	minor
4	0.0	0.0	0.0	0.0	0	0.0	U2	64	major
1	0.0	0.0	0.0	0.0	0	0.0	U2	64	minor
3	0.0	0.0	0.0	0.0	0	0.0	U2	65	major
1	0.0	0.0	0.0	0.0	0	0.0	U2	65	minor
1	1.0	3.0	0.0	0.0	0	1.0	U2	66	major
1	0.0	0.0	0.0	0.0	0	0.0	U2	66	minor
2	0.0	0.0	0.0	0.0	0	0.0	U2	67	major
1	0.0	0.0	0.0	0.0	0	0.0	U2	67	minor
3	0.0	0.0	0.0	0.0	0	0.0	U2	68	major
1	0.0	0.0	0.0	0.0	0	0.0	U2	68	minor
3	0.0	0.0	0.0	0.0	0	0.0	U2	69	major
1	0.0	0.0	0.0	0.0	0	0.0	U2	69	minor
4	0.0	0.0	0.0	0.0	0	0.0	U2	70	major
1	0.0	0.0	0.0	0.0	0	0.0	U2	70	minor
4	0.0	0.0	0.0	0.0	0	0.0	U2	71	major
1	0.0	0.0	0.0	0.0	0	0.0	U2	71	minor
4	0.0	0.0	0.0	0.0	0	0.0	U2	72	major
1	0.0	0.0	0.0	0.0	0	0.0	U2	72	minor
3	0.0	0.0	0.0	0.0	0	0.0	U2	73	major
1	0.0	0.0	0.0	0.0	0	0.0	U2	73	minor
3	0.0	0.0	0.0	0.0	0	0.0	U2	74	major
1	0.0	0.0	0.0	0.0	0	0.0	U2	74	minor
2	0.0	0.0	0.0	0.0	0	0.0	U2	75	major
1	0.0	0.0	0.0	0.0	0	0.0	U2	75	minor
1	0.0	0.0	0.0	0.0	0	0.0	U2	76	major
2	0.0	0.0	0.0	0.0	0	0.0	U2	77	major
4	0.0	0.0	0.0	0.0	0	0.0	U2	78	major
4	0.0	0.0	0.0	0.0	0	0.0	U2	79	major
4	0.25	0.25	0.3333333333333333	1.0	1	0.0	U2	80	major
4	0.5	0.5	0.6666666666666666	1.0	1	0.0	U2	81	major
4	0.25	0.25	0.6666666666666666	1.0	1	0.0	U2	82	major
4	0.0	0.0	0.0	0.0	0	0.0	U2	83	major
3	0.0	0.0	0.0	0.0	0	0.0	U2	84	major
2	0.5	0.5	1.0	1.0	1	0.0	U2	85	major
2	0.0	0.0	0.0	0.0	0	0.0	U2	86	major
2	0.0	0.0	0.0	0.0	0	0.0	U2	87	major
3	0.0	0.0	0.0	0.0	0	0.0	U2	88	major
3	0.0	0.0	0.0	0.0	0	0.0	U2	89	major
3	0.0	0.0	0.0	0.0	0	0.0	U2	90	major
3	0.0	0.0	0.0	0.0	0	0.0	U2	91	major
3	0.0	0.0	0.0	0.0	0	0.0	U2	92	major
2	0.5	0.5	1.0	1.0	1	0.0	U2	93	major
2	0.0	0.0	0.0	0.0	0	0.0	U2	94	major
2	0.5	0.5	1.0	1.0	0	0.0	U2	95	major
1	0.0	0.0	0.0	0.0	0	0.0	U2	96	major
5	0.4	1.0	0.33333333333333337	1.0	0	0.0	U2	97	major
1	0.0	0.0	0.0	0.0	0	0.0	U2	97	minor
6	1.0	2.3333333333333335	0.2	0.33333333333333337	1	0.6666666666666666	U2	98	major
1	1.0	2.0	0.0	0.0	0	1.0	U2	98	minor
6	1.0	1.8333333333333333	0.3666666666666667	0.5	1	0.3333333333333333	U2	99	major
1	1.0	2.0	0.0	0.0	0	1.0	U2	99	minor
6	1.0	2.1666666666666665	0.45	0.6666666666666667	2	0.25	U2	100	major
1	1.0	1.0	0.0	0.0	0	1.0	U2	100	minor
6	1.0	2.5	0.2	0.33333333333333337	1	0.6666666666666666	U2	101	major
1	1.0	2.0	0.0	0.0	0	1.0	U2	101	minor
6	1.0	2.1666666666666665	0.33333333333333337	0.6666666666666667	2	0.3333333333333333	U2	102	major
1	1.0	1.0	0.0	0.0	0	1.0	U2	102	minor
6	1.0	2.5	0.2	0.33333333333333337	1	0.6666666666666666	U2	103	major
1	1.0	2.0	0.0	0.0	0	1.0	U2	103	minor
6	1.0	2.0	0.4	0.6666666666666667	2	0.3333333333333333	U2	104	major
1	1.0	1.0	0.0	0.0	0	1.0	U2	104	minor
6	1.0	2.6666666666666665	0.4833333333333334	0.75	3	0.25	U2	105	major
6	1.0	2.3333333333333335	0.3666666666666667	0.6666666666666667	2	0.3333333333333333	U2	106	major
6	0.6666666666666666	1.3333333333333333	0.5333333333333334	1.0	2	0.0	U2	107	major
4	0.75	1.5	0.6666666666666666	1.0	2	0.0	U2	108	major
4	0.25	0.25	0.3333333333333333	1.0	0	0.0	U2	109	major
4	0.0	0.0	0.0	0.0	0	0.0	U2	110	major
4	0.0	0.0	0.0	0.0	0	0.0	U2	111	major
4	0.0	0.0	0.0	0.0	0	0.0	U2	112	major
4	0.0	0.0	0.0	0.0	0	0.0	U2	113	major
1	1.0	3.0	0.0	0.0	0	1.0	U2	113	minor
4	0.0	0.0	0.0	0.0	0	0.0	U2	114	major
1	1.0	2.0	0.0	0.0	0	1.0	U2	114	minor
4	0.0	0.0	0.0	0.0	0	0.0	U2	115	major
1	1.0	1.0	0.0	0.0	0	1.0	U2	115	minor
2	0.0	0.0	0.0	0.0	0	0.0	U2	116	major
1	1.0	2.0	0.0	0.0	0	1.0	U2	116	minor
2	0.0	0.0	0.0	0.0	0	0.0	U2	117	major
2	0.0	0.0	0.0	0.0	0	0.0	U2	118	major
2	0.0	0.0	0.0	0.0	0	0.0	U2	119	major
2	0.5	0.5	1.0	1.0	1	0.0	U2	120	major
1	0.0	0.0	0.0	0.0	0	0.0	U2	121	major
1	0.0	0.0	0.0	0.0	0	0.0	U2	122	major
1	0.0	0.0	0.0	0.0	0	0.0	U2	123	major
1	0.0	0.0	0.0	0.0	0	0.0	U2	124	major
1	0.0	0.0	0.0	0.0	0	0.0	U2	125	major
1	0.0	0.0	0.0	0.0	0	0.0	U2	126	major
1	0.0	0.0	0.0	0.0	0	0.0	U2	127	major
1	0.0	0.0	0.0	0.0	0	0.0	U2	128	major
1	0.0	0.0	0.0	0.0	0	0.0	U2	129	major
1	0.0	0.0	0.0	0.0	0	0.0	U2	130	major
1	0.0	0.0	0.0	0.0	0	0.0	U2	131	major
1	0.0	0.0	0.0	0.0	0	0.0	U2	132	major
1	0.0	0.0	0.0	0.0	0	0.0	U2	133	major
1	0.0	0.0	0.0	0.0	0	0.0	U2	134	major
1	0.0	0.0	0.0	0.0	0	0.0	U2	135	major
1	1.0	1.0	0.0	0.0	0	1.0	U2	136	major
2	0.5	0.5	1.0	1.0	1	0.0	U2	137	major
2	0.5	0.5	1.0	1.0	1	0.0	U2	138	major
2	0.0	0.0	0.0	0.0	0	0.0	U2	139	major
3	0.3333333333333333	0.6666666666666666	0.5	1.0	0	0.0	U2	140	major
3	0.3333333333333333	0.3333333333333333	0.5	1.0	0	0.0	U2	141	major
3	0.3333333333333333	0.3333333333333333	0.5	1.0	0	0.0	U2	142	major
4	0.0	0.0	0.0	0.0	0	0.0	U2	143	major
4	0.0	0.0	0.0	0.0	0	0.0	U2	144	major
4	0.0	0.0	0.0	0.0	0	0.0	U2	145	major
4	0.0	0.0	0.0	0.0	0	0.0	U2	146	major
6	0.16666666666666666	0.16666666666666666	0.2	1.0	0	0.0	U2	147	major
6	0.16666666666666666	0.16666666666666666	0.2	1.0	0	0.0	U2	148	major
6	0.3333333333333333	0.5	0.6	1.0	1	0.0	U2	149	major
6	0.3333333333333333	0.5	0.6	1.0	1	0.0	U2	150	major
6	0.8333333333333334	1.0	0.5	1.0	1	0.0	U2	151	major
6	0.6666666666666666	0.6666666666666666	0.8	1.0	1	0.0	U2	152	major
6	0.3333333333333333	0.3333333333333333	0.6	1.0	1	0.0	U2	153	major
6	1.0	1.0	0.0	0.0	0	1.0	U2	154	major
6	0.5	0.5	0.8	1.0	1	0.0	U2	155	major
6	0.5	0.5	0.6	1.0	1	0.0	U2	156	major
6	0.3333333333333333	0.3333333333333333	0.6	1.0	1	0.0	U2	157	major
6	0.16666666666666666	0.16666666666666666	0.4	1.0	1	0.0	U2	158	major
6	0.5	0.5	0.6	1.0	1	0.0	U2	159	major
6	0.5	0.5	0.6	1.0	1	0.0	U2	160	major
6	0.5	0.5	0.6	1.0	1	0.0	U2	161	major
6	1.0	1.0	0.0	0.0	0	1.0	U2	162	major
6	1.0	1.0	0.0	0.0	0	1.0	U2	163	major
6	1.0	1.0	0.0	0.0	0	1.0	U2	164	major
6	1.0	1.0	0.0	0.0	0	1.0	U2	165	major
6	1.0	1.0	0.0	0.0	0	1.0	U2	166	major
6	1.0	1.3333333333333333	0.2	0.5	1	0.5	U2	167	major
6	1.0	1.0	0.4	1.0	1	0.0	U2	168	major
6	0.5	0.5	0.6	1.0	1	0.0	U2	169	major
6	0.8333333333333334	0.8333333333333334	0.4	1.0	1	0.0	U2	170	major
6	0.5	0.5	0.6	1.0	1	0.0	U2	171	major
6	0.5	0.5	0.6	1.0	1	0.0	U2	172	major
6	0.16666666666666666	0.16666666666666666	0.2	1.0	0	0.0	U2	173	major
6	0.16666666666666666	0.16666666666666666	0.2	1.0	0	0.0	U2	174	major
6	0.16666666666666666	0.16666666666666666	0.2	1.0	0	0.0	U2	175	major
6	0.3333333333333333	0.3333333333333333	0.2	1.0	0	0.0	U2	176	major
6	0.3333333333333333	0.3333333333333333	0.2	1.0	0	0.0	U2	177	major
6	0.16666666666666666	0.16666666666666666	0.2	1.0	0	0.0	U2	178	major
6	0.0	0.0	0.0	0.0	0	0.0	U2	179	major
6	0.5	0.5	0.6	1.0	1	0.0	U2	180	major
6	0.5	0.8333333333333334	0.5	1.0	2	0.0	U2	181	major
6	0.3333333333333333	0.6666666666666666	0.6	1.0	2	0.0	U2	182	major
6	0.8333333333333334	0.8333333333333334	1.0	1.0	1	0.0	U2	183	major
6	0.0	0.0	0.0	0.0	0	0.0	U2	184	major
3	0.6666666666666666	0.6666666666666666	0.5	1.0	1	0.0	U4	1	major
1	0.0	0.0	0.0	0.0	0	0.0	U4	1	minor
3	1.0	1.0	0.0	0.0	0	1.0	U4	2	major
1	1.0	1.0	0.0	0.0	0	1.0	U4	2	minor
3	0.3333333333333333	0.3333333333333333	1.0	1.0	1	0.0	U4	3	major
1	1.0	1.0	0.0	0.0	0	1.0	U4	3	minor
3	0.3333333333333333	0.3333333333333333	1.0	1.0	1	0.0	U4	4	major
1	1.0	1.0	0.0	0.0	0	1.0	U4	4	minor
3	0.6666666666666666	1.0	0.75	1.0	2	0.0	U4	5	major
1	1.0	1.0	0.0	0.0	0	1.0	U4	5	minor
3	1.0	1.3333333333333333	0.5	0.5	1	0.5	U4	6	major
1	1.0	1.0	0.0	0.0	0	1.0	U4	6	minor
3	1.0	1.6666666666666667	0.25	0.5	1	0.5	U4	7	major
1	1.0	1.0	0.0	0.0	0	1.0	U4	7	minor
3	0.6666666666666666	0.6666666666666666	0.5	1.0	1	0.0	U4	8	major
1	1.0	1.0	0.0	0.0	0	1.0	U4	8	minor
3	1.0	1.0	0.0	0.0	0	1.0	U4	9	major
1	0.0	0.0	0.0	0.0	0	0.0	U4	9	minor
3	0.6666666666666666	0.6666666666666666	0.5	1.0	1	0.0	U4	10	major
1	0.0	0.0	0.0	0.0	0	0.0	U4	10	minor
3	1.0	1.0	0.0	0.0	0	1.0	U4	11	major
1	0.0	0.0	0.0	0.0	0	0.0	U4	11	minor
3	1.0	1.0	0.0	0.0	0	1.0	U4	12	major
1	1.0	1.0	0.0	0.0	0	1.0	U4	12	minor
3	0.6666666666666666	0.6666666666666666	0.5	1.0	1	0.0	U4	13	major
1	1.0	1.0	0.0	0.0	0	1.0	U4	13	minor
3	0.6666666666666666	0.6666666666666666	0.5	1.0	1	0.0	U4	14	major
1	1.0	1.0	0.0	0.0	0	1.0	U4	14	minor
3	0.6666666666666666	0.6666666666666666	0.5	1.0	1	0.0	U4	15	major
3	0.0	0.0	0.0	0.0	0	0.0	U4	16	major
3	0.6666666666666666	0.6666666666666666	0.5	1.0	1	0.0	U4	17	major
1	1.0	1.0	0.0	0.0	0	1.0	U4	17	minor
3	1.0	1.0	0.0	0.0	0	1.0	U4	18	major
1	0.0	0.0	0.0	0.0	0	0.0	U4	18	minor
3	1.0	1.0	0.0	0.0	0	1.0	U4	19	major
1	0.0	0.0	0.0	0.0	0	0.0	U4	19	minor
3	0.3333333333333333	0.3333333333333333	0.5	1.0	0	0.0	U4	20	major
1	1.0	1.0	0.0	0.0	0	1.0	U4	20	minor
3	0.0	0.0	0.0	0.0	0	0.0	U4	21	major
1	1.0	1.0	0.0	0.0	0	1.0	U4	21	minor
3	0.6666666666666666	0.6666666666666666	0.5	1.0	1	0.0	U4	22	major
1	1.0	1.0	0.0	0.0	0	1.0	U4	22	minor
3	1.0	1.6666666666666667	0.5833333333333334	0.6666666666666667	1	0.3333333333333333	U4	23	major
1	0.0	0.0	0.0	0.0	0	0.0	U4	23	minor
3	1.0	1.3333333333333333	0.75	1.0	2	0.0	U4	24	major
1	0.0	0.0	0.0	0.0	0	0.0	U4	24	minor
3	0.6666666666666666	1.0	1.0	1.0	1	0.0	U4	25	major
3	0.0	0.0	0.0	0.0	0	0.0	U4	26	major
3	0.6666666666666666	0.6666666666666666	0.5	1.0	1	0.0	U4	27	major
1	1.0	1.0	0.0	0.0	0	1.0	U4	27	minor
3	0.6666666666666666	0.6666666666666666	0.5	1.0	1	0.0	U4	28	major
1	1.0	1.0	0.0	0.0	0	1.0	U4	28	minor
3	1.0	1.6666666666666667	0.25	0.5	1	0.5	U4	29	major
1	1.0	2.0	0.0	0.0	0	1.0	U4	29	minor
3	1.0	1.0	0.0	0.0	0	1.0	U4	30	major
1	1.0	1.0	0.0	0.0	0	1.0	U4	30	minor
3	1.0	2.0	0.4166666666666667	0.5	1	0.3333333333333333	U4	31	major
1	1.0	2.0	0.0	0.0	0	1.0	U4	31	minor
3	1.0	2.3333333333333335	0.16666666666666669	0.33333333333333337	1	0.6666666666666666	U4	32	major
1	1.0	2.0	0.0	0.0	0	1.0	U4	32	minor
3	1.0	1.3333333333333333	0.25	0.5	1	0.5	U4	33	major
1	1.0	1.0	0.0	0.0	0	1.0	U4	33	minor
3	0.6666666666666666	1.0	0.75	1.0	1	0.0	U4	34	major
1	1.0	1.0	0.0	0.0	0	1.0	U4	34	minor
3	0.6666666666666666	0.6666666666666666	0.5	1.0	1	0.0	U4	35	major
1	1.0	1.0	0.0	0.0	0	1.0	U4	35	minor
3	0.6666666666666666	0.6666666666666666	0.5	1.0	1	0.0	U4	36	major
1	1.0	1.0	0.0	0.0	0	1.0	U4	36	minor
3	1.0	1.0	0.0	0.0	0	1.0	U4	37	major
1	0.0	0.0	0.0	0.0	0	0.0	U4	37	minor
3	1.0	1.0	0.5	1.0	1	0.0	U4	38	major
1	1.0	2.0	0.0	0.0	0	1.0	U4	38	minor
3	1.0	1.6666666666666667	0.25	0.5	1	0.5	U4	39	major
1	1.0	2.0	0.0	0.0	0	1.0	U4	39	minor
3	1.0	2.0	0.0	0.0	0	1.0	U4	40	major
3	1.0	2.6666666666666665	0.16666666666666669	0.33333333333333337	1	0.6666666666666666	U4	41	major
1	1.0	2.0	0.0	0.0	0	1.0	U4	41	minor
3	1.0	1.6666666666666667	0.25	0.5	1	0.5	U4	42	major
1	1.0	2.0	0.0	0.0	0	1.0	U4	42	minor
3	0.6666666666666666	1.3333333333333333	0.5	1.0	2	0.0	U4	43	major
1	1.0	2.0	0.0	0.0	0	1.0	U4	43	minor
3	0.6666666666666666	0.6666666666666666	0.5	1.0	1	0.0	U4	44	major
1	1.0	1.0	0.0	0.0	0	1.0	U4	44	minor
3	0.0	0.0	0.0	0.0	0	0.0	U4	45	major
1	0.0	0.0	0.0	0.0	0	0.0	U4	45	minor
3	0.0	0.0	0.0	0.0	0	0.0	U4	46	major
1	0.0	0.0	0.0	0.0	0	0.0	U4	46	minor
3	0.0	0.0	0.0	0.0	0	0.0	U4	47	major
3	0.3333333333333333	0.3333333333333333	0.5	1.0	0	0.0	U4	48	major
1	0.0	0.0	0.0	0.0	0	0.0	U4	48	minor
3	0.3333333333333333	0.3333333333333333	0.5	1.0	0	0.0	U4	49	major
1	0.0	0.0	0.0	0.0	0	0.0	U4	49	minor
3	0.3333333333333333	0.3333333333333333	0.5	1.0	0	0.0	U4	50	major
3	0.6666666666666666	0.6666666666666666	0.5	1.0	1	0.0	U4	51	major
1	1.0	1.0	0.0	0.0	0	1.0	U4	51	minor
3	0.6666666666666666	0.6666666666666666	0.5	1.0	1	0.0	U4	52	major
1	1.0	1.0	0.0	0.0	0	1.0	U4	52	minor
1	1.0	1.0	0.0	0.0	0	1.0	U4	53	major
1	1.0	2.0	0.0	0.0	0	1.0	U4	53	minor
2	0.5	0.5	1.0	1.0	0	0.0	U4	54	major
1	0.0	0.0	0.0	0.0	0	0.0	U4	54	minor
3	0.6666666666666666	1.3333333333333333	0.5	1.0	2	0.0	U4	55	major
1	0.0	0.0	0.0	0.0	0	0.0	U4	55	minor
3	0.6666666666666666	1.3333333333333333	0.5	1.0	2	0.0	U4	56	major
1	1.0	1.0	0.0	0.0	0	1.0	U4	56	minor
3	1.0	1.6666666666666667	0.25	0.5	1	0.5	U4	57	major
1	1.0	1.0	0.0	0.0	0	1.0	U4	57	minor
3	1.0	1.0	0.0	0.0	0	1.0	U4	58	major
1	1.0	1.0	0.0	0.0	0	1.0	U4	58	minor
3	1.0	1.0	0.5	1.0	1	0.0	U4	59	major
1	0.0	0.0	0.0	0.0	0	0.0	U4	59	minor
3	0.6666666666666666	1.3333333333333333	0.5	1.0	2	0.0	U4	60	major
1	0.0	0.0	0.0	0.0	0	0.0	U4	60	minor
3	0.6666666666666666	1.3333333333333333	0.5	1.0	2	0.0	U4	61	major
1	1.0	1.0	0.0	0.0	0	1.0	U4	61	minor
3	0.6666666666666666	0.6666666666666666	0.5	1.0	1	0.0	U4	62	major
3	0.6666666666666666	1.3333333333333333	0.5	1.0	2	0.0	U4	63	major
2	1.0	2.0	0.0	0.0	0	1.0	U4	64	major
2	1.0	2.0	0.0	0.0	0	1.0	U4	65	major
2	1.0	1.0	0.0	0.0	0	1.0	U4	66	major
2	1.0	1.0	0.0	0.0	0	1.0	U4	67	major
3	1.0	1.6666666666666667	0.5	1.0	2	0.0	U4	68	major
3	1.0	1.0	0.5	1.0	1	0.0	U4	69	major
1	1.0	1.0	0.0	0.0	0	1.0	U4	70	major
1	1.0	1.0	0.0	0.0	0	1.0	U4	71	major
3	1.0	1.0	0.5	1.0	1	0.0	U4	72	major
3	0.3333333333333333	0.3333333333333333	0.5	1.0	0	0.0	U4	73	major
3	1.0	1.0	0.5	1.0	1	0.0	U4	74	major
3	1.0	1.0	0.5	1.0	1	0.0	U4	75	major
3	1.0	1.0	0.5	1.0	1	0.0	U4	76	major
3	0.3333333333333333	0.3333333333333333	0.5	1.0	0	0.0	U4	77	major
3	0.3333333333333333	0.3333333333333333	0.5	1.0	0	0.0	U4	78	major
3	0.3333333333333333	0.3333333333333333	0.5	1.0	0	0.0	U4	79	major
3	0.0	0.0	0.0	0.0	0	0.0	U4	80	major
1	0.0	0.0	0.0	0.0	0	0.0	U4	81	major
1	0.0	0.0	0.0	0.0	0	0.0	U4	82	major
2	0.5	0.5	1.0	1.0	0	0.0	U4	83	major
1	1.0	1.0	0.0	0.0	0	1.0	U4	83	minor
2	0.0	0.0	0.0	0.0	0	0.0	U4	84	major
1	1.0	1.0	0.0	0.0	0	1.0	U4	84	minor
3	0.6666666666666666	1.3333333333333333	0.5	1.0	2	0.0	U4	85	major
1	1.0	1.0	0.0	0.0	0	1.0	U4	85	minor
3	0.6666666666666666	0.6666666666666666	0.5	1.0	1	0.0	U4	86	major
3	0.0	0.0	0.0	0.0	0	0.0	U4	87	major
1	1.0	2.0	0.0	0.0	0	1.0	U4	87	minor
3	0.0	0.0	0.0	0.0	0	0.0	U4	88	major
1	1.0	2.0	0.0	0.0	0	1.0	U4	88	minor
3	0.0	0.0	0.0	0.0	0	0.0	U4	89	major
1	0.0	0.0	0.0	0.0	0	0.0	U4	89	minor
3	0.0	0.0	0.0	0.0	0	0.0	U4	90	major
3	0.0	0.0	0.0	0.0	0	0.0	U4	91	major
3	0.0	0.0	0.0	0.0	0	0.0	U4	92	major
1	1.0	1.0	0.0	0.0	0	1.0	U4	92	minor
3	0.3333333333333333	0.3333333333333333	0.5	1.0	0	0.0	U4	93	major
1	1.0	1.0	0.0	0.0	0	1.0	U4	93	minor
3	0.3333333333333333	0.3333333333333333	0.5	1.0	0	0.0	U4	94	major
1	1.0	1.0	0.0	0.0	0	1.0	U4	94	minor
3	0.0	0.0	0.0	0.0	0	0.0	U4	95	major
1	0.0	0.0	0.0	0.0	0	0.0	U4	95	minor
1	0.0	0.0	0.0	0.0	0	0.0	U4	96	major
1	0.0	0.0	0.0	0.0	0	0.0	U4	96	minor
1	0.0	0.0	0.0	0.0	0	0.0	U4	97	major
1	0.0	0.0	0.0	0.0	0	0.0	U4	97	minor
1	0.0	0.0	0.0	0.0	0	0.0	U4	98	major
1	0.0	0.0	0.0	0.0	0	0.0	U4	98	minor
1	0.0	0.0	0.0	0.0	0	0.0	U4	99	major
1	0.0	0.0	0.0	0.0	0	0.0	U4	99	minor
1	0.0	0.0	0.0	0.0	0	0.0	U4	100	major
1	0.0	0.0	0.0	0.0	0	0.0	U4	100	minor
1	0.0	0.0	0.0	0.0	0	0.0	U4	101	major
1	0.0	0.0	0.0	0.0	0	0.0	U4	101	minor
1	0.0	0.0	0.0	0.0	0	0.0	U4	102	major
1	0.0	0.0	0.0	0.0	0	0.0	U4	103	major
3	0.0	0.0	0.0	0.0	0	0.0	U4	104	major
3	0.0	0.0	0.0	0.0	0	0.0	U4	105	major
3	0.0	0.0	0.0	0.0	0	0.0	U4	106	major
1	0.0	0.0	0.0	0.0	0	0.0	U4	106	minor
3	0.0	0.0	0.0	0.0	0	0.0	U4	107	major
3	0.0	0.0	0.0	0.0	0	0.0	U4	108	major
1	0.0	0.0	0.0	0.0	0	0.0	U4	108	minor
3	0.6666666666666666	0.6666666666666666	0.5	1.0	1	0.0	U4	109	major
1	0.0	0.0	0.0	0.0	0	0.0	U4	109	minor
3	0.0	0.0	0.0	0.0	0	0.0	U4	110	major
1	0.0	0.0	0.0	0.0	0	0.0	U4	110	minor
3	0.0	0.0	0.0	0.0	0	0.0	U4	111	major
1	0.0	0.0	0.0	0.0	0	0.0	U4	111	minor
3	0.0	0.0	0.0	0.0	0	0.0	U4	112	major
1	0.0	0.0	0.0	0.0	0	0.0	U4	112	minor
3	0.0	0.0	0.0	0.0	0	0.0	U4	113	major
1	0.0	0.0	0.0	0.0	0	0.0	U4	113	minor
3	0.0	0.0	0.0	0.0	0	0.0	U4	114	major
1	0.0	0.0	0.0	0.0	0	0.0	U4	114	minor
3	0.0	0.0	0.0	0.0	0	0.0	U4	115	major
1	1.0	1.0	0.0	0.0	0	1.0	U4	115	minor
3	0.6666666666666666	0.6666666666666666	0.5	1.0	1	0.0	U4	116	major
1	1.0	1.0	0.0	0.0	0	1.0	U4	116	minor
3	0.6666666666666666	2.0	0.5	1.0	3	0.0	U4	117	major
1	1.0	2.0	0.0	0.0	0	1.0	U4	117	minor
3	1.0	2.3333333333333335	0.33333333333333337	0.6666666666666667	2	0.3333333333333333	U4	118	major
1	1.0	3.0	0.0	0.0	0	1.0	U4	118	minor
3	1.0	3.0	0.5	0.75	2	0.2	U4	119	major
1	1.0	2.0	0.0	0.0	0	1.0	U4	119	minor
3	1.0	2.6666666666666665	0.5	1.0	3	0.0	U4	120	major
1	1.0	2.0	0.0	0.0	0	1.0	U4	120	minor
3	1.0	2.6666666666666665	0.375	0.75	2	0.25	U4	121	major
1	1.0	3.0	0.0	0.0	0	1.0	U4	121	minor
3	1.0	3.0	0.5	1.0	4	0.0	U4	122	major
1	1.0	3.0	0.0	0.0	0	1.0	U4	122	minor
3	1.0	3.0	0.5	0.75	2	0.2	U4	123	major
1	1.0	3.0	0.0	0.0	0	1.0	U4	123	minor
3	1.0	3.3333333333333335	0.4	0.8	3	0.2	U4	124	major
1	1.0	3.0	0.0	0.0	0	1.0	U4	124	minor
3	1.0	2.6666666666666665	0.16666666666666669	0.33333333333333337	1	0.6666666666666666	U4	125	major
1	1.0	3.0	0.0	0.0	0	1.0	U4	125	minor
3	1.0	2.6666666666666665	0.375	0.75	2	0.25	U4	126	major
1	1.0	3.0	0.0	0.0	0	1.0	U4	126	minor
3	1.0	2.6666666666666665	0.5	1.0	3	0.0	U4	127	major
1	1.0	3.0	0.0	0.0	0	1.0	U4	127	minor
3	0.6666666666666666	2.0	0.5	1.0	3	0.0	U4	128	major
1	0.0	0.0	0.0	0.0	0	0.0	U4	128	minor
3	0.6666666666666666	0.6666666666666666	0.5	1.0	1	0.0	U4	129	major
1	1.0	1.0	0.0	0.0	0	1.0	U4	129	minor
3	0.0	0.0	0.0	0.0	0	0.0	U4	130	major
3	0.6666666666666666	0.6666666666666666	0.5	1.0	1	0.0	U4	131	major
3	0.6666666666666666	0.6666666666666666	0.5	1.0	1	0.0	U4	132	major
3	0.0	0.0	0.0	0.0	0	0.0	U4	133	major
3	1.0	1.3333333333333333	0.5	1.0	1	0.0	U4	138	major
3	1.0	1.6666666666666667	0.5	1.0	2	0.0	U4	139	major
3	1.0	1.0	0.5	1.0	1	0.0	U4	140	major
3	0.0	0.0	0.0	0.0	0	0.0	U4	141	major
3	0.0	0.0	0.0	0.0	0	0.0	U5	3	major
1	0.0	0.0	0.0	0.0	0	0.0	U5	3	minor
3	0.0	0.0	0.0	0.0	0	0.0	U5	4	major
1	0.0	0.0	0.0	0.0	0	0.0	U5	4	minor
4	0.5	0.5	0.3333333333333333	1.0	1	0.0	U5	5	major
1	1.0	1.0	0.0	0.0	0	1.0	U5	5	minor
4	0.5	0.5	0.3333333333333333	1.0	1	0.0	U5	6	major
1	1.0	1.0	0.0	0.0	0	1.0	U5	6	minor
4	0.75	0.75	0.3333333333333333	1.0	1	0.0	U5	7	major
1	1.0	1.0	0.0	0.0	0	1.0	U5	7	minor
6	0.3333333333333333	0.3333333333333333	0.2	1.0	1	0.0	U5	8	major
2	0.5	0.5	1.0	1.0	1	0.0	U5	8	minor
7	0.0	0.0	0.0	0.0	0	0.0	U5	9	major
2	0.0	0.0	0.0	0.0	0	0.0	U5	9	minor
7	0.14285714285714285	0.14285714285714285	0.16666666666666666	1.0	0	0.0	U5	10	major
2	0.5	0.5	1.0	1.0	1	0.0	U5	10	minor
7	0.8571428571428571	0.8571428571428571	0.3333333333333333	1.0	1	0.0	U5	11	major
2	1.0	1.0	0.0	0.0	0	1.0	U5	11	minor
7	1.0	1.0	0.0	0.0	0	1.0	U5	12	major
2	1.0	1.0	0.0	0.0	0	1.0	U5	12	minor
7	0.8571428571428571	0.8571428571428571	0.3333333333333333	1.0	1	0.0	U5	13	major
2	1.0	1.0	0.0	0.0	0	1.0	U5	13	minor
7	1.0	1.2857142857142858	0.25	0.5	1	0.3333333333333333	U5	14	major
2	1.0	1.0	0.0	0.0	0	1.0	U5	14	minor
7	0.7142857142857143	1.1428571428571428	0.4166666666666667	1.0	2	0.0	U5	15	major
2	1.0	1.5	0.5	0.5	1	0.5	U5	15	minor
7	0.5714285714285714	1.1428571428571428	0.47222222222222227	1.0	2	0.0	U5	16	major
2	0.5	1.0	1.0	1.0	2	0.0	U5	16	minor
7	0.42857142857142855	0.7142857142857143	0.3333333333333333	1.0	2	0.0	U5	17	major
2	1.0	1.0	0.0	0.0	0	1.0	U5	17	minor
7	0.5714285714285714	0.8571428571428571	0.3333333333333333	1.0	2	0.0	U5	18	major
2	1.0	1.5	0.5	0.5	1	0.5	U5	18	minor
7	1.0	1.2857142857142858	0.08333333333333333	0.5	1	0.5	U5	19	major
2	1.0	1.5	0.5	0.5	1	0.5	U5	19	minor
7	1.0	1.0	0.0	0.0	0	1.0	U5	20	major
2	1.0	1.0	0.0	0.0	0	1.0	U5	20	minor
7	0.2857142857142857	0.2857142857142857	0.5	1.0	1	0.0	U5	21	major
2	0.0	0.0	0.0	0.0	0	0.0	U5	21	minor
7	0.14285714285714285	0.14285714285714285	0.16666666666666666	1.0	0	0.0	U5	22	major
2	1.0	1.5	0.5	0.5	0	0.5	U5	22	minor
7	0.8571428571428571	0.8571428571428571	0.3333333333333333	1.0	1	0.0	U5	23	major
2	1.0	1.0	0.0	0.0	0	1.0	U5	23	minor
7	1.0	1.0	0.0	0.0	0	1.0	U5	24	major
2	1.0	1.0	0.0	0.0	0	1.0	U5	24	minor
7	1.0	1.4285714285714286	0.5	1.0	1	0.0	U5	25	major
2	1.0	1.5	0.5	0.5	0	0.5	U5	25	minor
7	1.0	1.0	0.0	0.0	0	1.0	U5	26	major
2	1.0	1.0	0.0	0.0	0	1.0	U5	26	minor
7	1.0	1.0	0.0	0.0	0	1.0	U5	27	major
2	1.0	1.0	0.0	0.0	0	1.0	U5	27	minor
7	1.0	1.1428571428571428	0.08333333333333333	0.5	1	0.5	U5	28	major
2	1.0	1.0	0.0	0.0	0	1.0	U5	28	minor
7	1.0	1.0	0.0	0.0	0	1.0	U5	29	major
2	1.0	1.0	0.0	0.0	0	1.0	U5	29	minor
7	0.8571428571428571	1.2857142857142858	0.4166666666666667	1.0	1	0.0	U5	30	major
2	1.0	1.0	0.0	0.0	0	1.0	U5	30	minor
7	0.42857142857142855	0.5714285714285714	0.25	1.0	1	0.0	U5	31	major
2	0.5	0.5	1.0	1.0	0	0.0	U5	31	minor
7	0.5714285714285714	1.0	0.25	1.0	0	0.0	U5	32	major
2	0.5	1.0	1.0	1.0	0	0.0	U5	32	minor
7	0.5714285714285714	0.5714285714285714	0.16666666666666666	1.0	0	0.0	U5	33	major
2	0.5	1.0	1.0	1.0	0	0.0	U5	33	minor
7	0.42857142857142855	0.42857142857142855	0.5	1.0	1	0.0	U5	34	major
2	0.5	1.0	1.0	1.0	0	0.0	U5	34	minor
7	0.7142857142857143	0.7142857142857143	0.3333333333333333	1.0	1	0.0	U5	35	major
2	1.0	1.5	0.5	0.5	0	0.5	U5	35	minor
7	0.7142857142857143	1.0	0.5	1.0	1	0.0	U5	36	major
2	1.0	2.0	0.6666666666666667	0.6666666666666667	0	0.3333333333333333	U5	36	minor
7	0.5714285714285714	0.7142857142857143	0.25	1.0	0	0.0	U5	37	major
2	0.5	1.0	1.0	1.0	0	0.0	U5	37	minor
7	0.5714285714285714	0.8571428571428571	0.4166666666666667	1.0	1	0.0	U5	38	major
2	0.5	1.5	1.0	1.0	0	0.0	U5	38	minor
6	0.6666666666666666	0.6666666666666666	0.2	1.0	0	0.0	U5	39	major
2	0.5	1.0	1.0	1.0	0	0.0	U5	39	minor
6	0.8333333333333334	1.0	0.4	1.0	1	0.0	U5	40	major
2	1.0	1.0	0.0	0.0	0	1.0	U5	40	minor
6	0.8333333333333334	1.0	0.3	1.0	1	0.0	U5	41	major
2	0.5	1.0	1.0	1.0	0	0.0	U5	41	minor
6	0.16666666666666666	0.16666666666666666	0.2	1.0	0	0.0	U5	42	major
2	0.5	0.5	1.0	1.0	0	0.0	U5	42	minor
6	0.16666666666666666	0.16666666666666666	0.4	1.0	1	0.0	U5	43	major
2	0.5	1.0	1.0	1.0	0	0.0	U5	43	minor
7	0.7142857142857143	0.7142857142857143	0.16666666666666666	1.0	0	0.0	U5	44	major
2	0.5	1.0	1.0	1.0	0	0.0	U5	44	minor
7	1.0	1.2857142857142858	0.08333333333333333	0.5	1	0.5	U5	45	major
2	1.0	2.0	0.6666666666666667	0.6666666666666667	1	0.3333333333333333	U5	45	minor
7	0.8571428571428571	1.5714285714285714	0.4166666666666667	1.0	2	0.0	U5	46	major
2	1.0	2.5	0.75	0.75	1	0.25	U5	46	minor
7	1.0	1.7142857142857142	0.16666666666666666	0.5	1	0.3333333333333333	U5	47	major
2	1.0	2.0	0.6666666666666667	0.6666666666666667	0	0.3333333333333333	U5	47	minor
7	1.0	1.0	0.0	0.0	0	1.0	U5	48	major
2	1.0	1.5	0.5	0.5	0	0.5	U5	48	minor
7	0.8571428571428571	1.0	0.4166666666666667	1.0	1	0.0	U5	49	major
2	1.0	1.5	0.5	0.5	0	0.5	U5	49	minor
7	0.7142857142857143	0.8571428571428571	0.4166666666666667	1.0	1	0.0	U5	50	major
2	1.0	1.0	0.0	0.0	0	1.0	U5	50	minor
7	0.7142857142857143	1.8571428571428572	0.3333333333333333	1.0	2	0.0	U5	51	major
2	1.0	1.0	0.0	0.0	0	1.0	U5	51	minor
7	0.8571428571428571	1.5714285714285714	0.4166666666666667	1.0	2	0.0	U5	52	major
2	0.5	0.5	1.0	1.0	1	0.0	U5	52	minor
7	0.8571428571428571	1.4285714285714286	0.4166666666666667	1.0	2	0.0	U5	53	major
2	1.0	1.0	1.0	1.0	1	0.0	U5	53	minor
7	1.0	1.5714285714285714	0.19444444444444445	0.6666666666666667	1	0.25	U5	54	major
2	1.0	1.5	0.5	0.5	1	0.5	U5	54	minor
7	1.0	1.5714285714285714	0.3333333333333333	0.5	1	0.3333333333333333	U5	55	major
2	1.0	1.5	0.5	0.5	1	0.5	U5	55	minor
7	1.0	1.2857142857142858	0.08333333333333333	0.5	1	0.5	U5	56	major
2	1.0	1.5	0.5	0.5	1	0.5	U5	56	minor
7	0.8571428571428571	0.8571428571428571	0.3333333333333333	1.0	1	0.0	U5	57	major
2	1.0	1.0	0.0	0.0	0	1.0	U5	57	minor
7	0.8571428571428571	0.8571428571428571	0.3333333333333333	1.0	1	0.0	U5	58	major
2	1.0	1.0	0.0	0.0	0	1.0	U5	58	minor
7	0.7142857142857143	0.7142857142857143	0.3333333333333333	1.0	1	0.0	U5	59	major
2	1.0	1.0	0.0	0.0	0	1.0	U5	59	minor
7	0.5714285714285714	0.5714285714285714	0.3333333333333333	1.0	1	0.0	U5	60	major
2	0.5	0.5	1.0	1.0	1	0.0	U5	60	minor
7	0.42857142857142855	0.42857142857142855	0.3333333333333333	1.0	1	0.0	U5	61	major
2	0.5	0.5	1.0	1.0	1	0.0	U5	61	minor
7	0.14285714285714285	0.14285714285714285	0.3333333333333333	1.0	1	0.0	U5	62	major
2	0.0	0.0	0.0	0.0	0	0.0	U5	62	minor
7	0.7142857142857143	0.7142857142857143	0.3333333333333333	1.0	1	0.0	U5	63	major
2	0.0	0.0	0.0	0.0	0	0.0	U5	63	minor
7	0.7142857142857143	1.2857142857142858	0.4166666666666667	1.0	2	0.0	U5	64	major
2	0.5	0.5	1.0	1.0	0	0.0	U5	64	minor
7	0.42857142857142855	0.42857142857142855	0.5	1.0	1	0.0	U5	65	major
2	1.0	1.0	0.0	0.0	0	1.0	U5	65	minor
7	0.14285714285714285	0.2857142857142857	0.16666666666666666	1.0	0	0.0	U5	66	major
2	0.0	0.0	0.0	0.0	0	0.0	U5	66	minor
7	0.14285714285714285	0.14285714285714285	0.16666666666666666	1.0	0	0.0	U5	67	major
2	0.0	0.0	0.0	0.0	0	0.0	U5	67	minor
7	0.14285714285714285	0.14285714285714285	0.16666666666666666	1.0	0	0.0	U5	68	major
2	0.5	0.5	1.0	1.0	0	0.0	U5	68	minor
5	0.0	0.0	0.0	0.0	0	0.0	U5	69	major
1	0.0	0.0	0.0	0.0	0	0.0	U5	69	minor
5	0.0	0.0	0.0	0.0	0	0.0	U5	70	major
1	0.0	0.0	0.0	0.0	0	0.0	U5	70	minor
4	0.0	0.0	0.0	0.0	0	0.0	U5	71	major
1	0.0	0.0	0.0	0.0	0	0.0	U5	71	minor
4	0.5	0.5	0.3333333333333333	1.0	1	0.0	U5	72	major
1	0.0	0.0	0.0	0.0	0	0.0	U5	72	minor
4	0.5	0.5	0.3333333333333333	1.0	1	0.0	U5	73	major
1	1.0	1.0	0.0	0.0	0	1.0	U5	73	minor
4	0.75	0.75	0.3333333333333333	1.0	1	0.0	U5	74	major
1	1.0	1.0	0.0	0.0	0	1.0	U5	74	minor
3	0.3333333333333333	0.3333333333333333	0.5	1.0	0	0.0	U5	75	major
1	1.0	1.0	0.0	0.0	0	1.0	U5	75	minor
3	0.6666666666666666	0.6666666666666666	0.5	1.0	1	0.0	U5	76	major
1	0.0	0.0	0.0	0.0	0	0.0	U5	76	minor
3	0.6666666666666666	0.6666666666666666	0.5	1.0	1	0.0	U5	77	major
1	0.0	0.0	0.0	0.0	0	0.0	U5	77	minor
3	1.0	1.0	0.5	1.0	1	0.0	U5	78	major
1	0.0	0.0	0.0	0.0	0	0.0	U5	78	minor
1	0.0	0.0	0.0	0.0	0	0.0	U5	79	major
1	0.0	0.0	0.0	0.0	0	0.0	U5	80	major
1	0.0	0.0	0.0	0.0	0	0.0	U5	81	major
3	0.0	0.0	0.0	0.0	0	0.0	U5	82	major
1	0.0	0.0	0.0	0.0	0	0.0	U5	82	minor
3	0.0	0.0	0.0	0.0	0	0.0	U5	83	major
1	0.0	0.0	0.0	0.0	0	0.0	U5	83	minor
3	0.0	0.0	0.0	0.0	0	0.0	U5	84	major
1	0.0	0.0	0.0	0.0	0	0.0	U5	84	minor
6	0.5	0.5	0.6	1.0	1	0.0	U5	85	major
2	0.5	1.0	1.0	1.0	2	0.0	U5	85	minor
6	0.8333333333333334	1.3333333333333333	0.6666666666666667	1.0	1	0.0	U5	86	major
2	0.5	1.0	1.0	1.0	2	0.0	U5	86	minor
6	1.0	1.8333333333333333	0.2	0.5	1	0.5	U5	87	major
2	1.0	2.0	0.0	0.0	0	1.0	U5	87	minor
6	1.0	2.1666666666666665	0.33333333333333337	1.0	2	0.0	U5	88	major
2	1.0	2.0	0.0	0.0	0	1.0	U5	88	minor
6	1.0	2.3333333333333335	0.4666666666666667	1.0	2	0.0	U5	89	major
2	1.0	2.0	0.6666666666666667	0.6666666666666667	2	0.3333333333333333	U5	89	minor
6	1.0	2.6666666666666665	0.2666666666666667	0.6666666666666667	1	0.3333333333333333	U5	90	major
2	1.0	2.5	0.33333333333333337	0.33333333333333337	1	0.6666666666666666	U5	90	minor
6	1.0	2.5	0.3	0.6666666666666667	1	0.3333333333333333	U5	91	major
2	1.0	2.5	0.33333333333333337	0.33333333333333337	1	0.6666666666666666	U5	91	minor
6	1.0	2.6666666666666665	0.2666666666666667	0.6666666666666667	1	0.3333333333333333	U5	92	major
2	1.0	2.5	0.33333333333333337	0.33333333333333337	1	0.6666666666666666	U5	92	minor
6	1.0	2.5	0.3	0.6666666666666667	1	0.3333333333333333	U5	93	major
2	1.0	2.0	0.6666666666666667	0.6666666666666667	2	0.3333333333333333	U5	93	minor
6	1.0	2.6666666666666665	0.13333333333333336	0.33333333333333337	1	0.6666666666666666	U5	94	major
2	1.0	3.0	0.0	0.0	0	1.0	U5	94	minor
6	1.0	2.3333333333333335	0.06666666666666668	0.33333333333333337	0	0.6666666666666666	U5	95	major
2	1.0	2.5	0.33333333333333337	0.33333333333333337	1	0.6666666666666666	U5	95	minor
6	0.6666666666666666	1.6666666666666667	0.5	1.0	2	0.0	U5	96	major
2	1.0	2.0	0.0	0.0	0	1.0	U5	96	minor
5	1.0	2.0	0.0	0.0	0	1.0	U5	97	major
2	1.0	1.5	0.5	0.5	0	0.5	U5	97	minor
5	0.2	0.2	0.25	1.0	0	0.0	U5	98	major
2	0.5	0.5	1.0	1.0	1	0.0	U5	98	minor
5	0.4	0.4	0.25	1.0	1	0.0	U5	99	major
2	0.0	0.0	0.0	0.0	0	0.0	U5	99	minor
5	0.2	0.2	0.25	1.0	0	0.0	U5	100	major
2	0.0	0.0	0.0	0.0	0	0.0	U5	100	minor
5	0.2	0.2	0.25	1.0	0	0.0	U5	101	major
2	0.0	0.0	0.0	0.0	0	0.0	U5	101	minor
5	0.0	0.0	0.0	0.0	0	0.0	U5	102	major
2	0.0	0.0	0.0	0.0	0	0.0	U5	102	minor
5	0.0	0.0	0.0	0.0	0	0.0	U5	103	major
1	0.0	0.0	0.0	0.0	0	0.0	U5	103	minor
5	0.0	0.0	0.0	0.0	0	0.0	U5	104	major
1	0.0	0.0	0.0	0.0	0	0.0	U5	104	minor
3	0.0	0.0	0.0	0.0	0	0.0	U5	105	major
1	0.0	0.0	0.0	0.0	0	0.0	U5	105	minor
3	0.6666666666666666	0.6666666666666666	0.5	1.0	1	0.0	U5	106	major
1	0.0	0.0	0.0	0.0	0	0.0	U5	106	minor
3	0.0	0.0	0.0	0.0	0	0.0	U5	107	major
1	0.0	0.0	0.0	0.0	0	0.0	U5	107	minor
3	0.0	0.0	0.0	0.0	0	0.0	U5	108	major
1	0.0	0.0	0.0	0.0	0	0.0	U5	108	minor
3	1.0	1.0	0.0	0.0	0	1.0	U5	109	major
2	0.5	0.5	1.0	1.0	1	0.0	U5	109	minor
3	0.6666666666666666	0.6666666666666666	0.5	1.0	1	0.0	U5	110	major
2	0.5	1.0	1.0	1.0	2	0.0	U5	110	minor
3	0.6666666666666666	0.6666666666666666	0.5	1.0	1	0.0	U5	111	major
2	0.5	0.5	1.0	1.0	1	0.0	U5	111	minor
3	0.0	0.0	0.0	0.0	0	0.0	U5	112	major
2	0.5	0.5	1.0	1.0	1	0.0	U5	112	minor
3	0.6666666666666666	0.6666666666666666	0.5	1.0	1	0.0	U5	113	major
2	1.0	1.0	0.0	0.0	0	1.0	U5	113	minor
3	0.6666666666666666	0.6666666666666666	0.5	1.0	1	0.0	U5	114	major
2	0.0	0.0	0.0	0.0	0	0.0	U5	114	minor
3	0.0	0.0	0.0	0.0	0	0.0	U5	115	major
2	0.0	0.0	0.0	0.0	0	0.0	U5	115	minor
3	1.0	1.0	0.0	0.0	0	1.0	U5	116	major
2	0.5	0.5	1.0	1.0	1	0.0	U5	116	minor
5	0.8	1.0	0.375	1.0	0	0.0	U6	1	major
5	0.8	0.8	0.25	1.0	0	0.0	U6	2	major
5	0.2	0.2	0.5	1.0	1	0.0	U6	3	major
5	0.0	0.0	0.0	0.0	0	0.0	U6	4	major
5	0.0	0.0	0.0	0.0	0	0.0	U6	5	major
5	0.0	0.0	0.0	0.0	0	0.0	U6	6	major
5	0.0	0.0	0.0	0.0	0	0.0	U6	7	major
5	0.0	0.0	0.0	0.0	0	0.0	U6	8	major
5	0.0	0.0	0.0	0.0	0	0.0	U6	9	major
5	0.0	0.0	0.0	0.0	0	0.0	U6	10	major
5	0.0	0.0	0.0	0.0	0	0.0	U6	11	major
5	0.0	0.0	0.0	0.0	0	0.0	U6	12	major
5	0.0	0.0	0.0	0.0	0	0.0	U6	13	major
5	0.0	0.0	0.0	0.0	0	0.0	U6	14	major
5	0.2	0.2	0.5	1.0	1	0.0	U6	15	major
5	0.8	0.8	0.25	1.0	0	0.0	U6	16	major
5	0.6	1.0	0.375	1.0	0	0.0	U6	17	major
5	0.8	2.2	0.33333333333333337	1.0	0	0.0	U6	18	major
5	0.8	1.0	0.375	1.0	0	0.0	U6	19	major
5	0.8	1.2	0.5	1.0	1	0.0	U6	20	major
5	0.8	2.0	0.4166666666666667	1.0	0	0.0	U6	21	major
5	0.8	2.0	0.4166666666666667	1.0	0	0.0	U6	22	major
5	0.8	1.6	0.5416666666666667	1.0	1	0.0	U6	23	major
5	0.6	1.4	0.33333333333333337	1.0	0	0.0	U6	24	major
5	0.8	2.0	0.5208333333333334	1.0	0	0.0	U6	25	major
5	0.8	1.4	0.375	1.0	1	0.0	U6	26	major
5	0.8	1.6	0.25	1.0	0	0.0	U6	27	major
5	1.0	2.0	0.375	0.6666666666666667	1	0.0	U6	28	major
5	0.8	0.8	0.25	1.0	0	0.0	U6	29	major
5	0.6	1.0	0.5	1.0	1	0.0	U6	30	major
5	0.2	0.2	0.25	1.0	0	0.0	U6	31	major
1	1.0	2.0	0.0	0.0	0	1.0	U6	31	minor
5	0.0	0.0	0.0	0.0	0	0.0	U6	32	major
1	1.0	2.0	0.0	0.0	0	1.0	U6	32	minor
5	0.0	0.0	0.0	0.0	0	0.0	U6	33	major
1	1.0	2.0	0.0	0.0	0	1.0	U6	33	minor
5	0.4	0.4	0.25	1.0	0	0.0	U6	34	major
1	1.0	1.0	0.0	0.0	0	1.0	U6	34	minor
5	0.4	0.4	0.25	1.0	0	0.0	U6	35	major
1	0.0	0.0	0.0	0.0	0	0.0	U6	35	minor
5	0.6	0.8	0.75	1.0	1	0.0	U6	36	major
1	1.0	1.0	0.0	0.0	0	1.0	U6	36	minor
5	0.8	1.0	0.625	1.0	1	0.0	U6	37	major
1	1.0	1.0	0.0	0.0	0	1.0	U6	37	minor
5	0.6	0.6	0.75	1.0	1	0.0	U6	38	major
1	1.0	1.0	0.0	0.0	0	1.0	U6	38	minor
5	0.2	0.2	0.25	1.0	1	0.0	U6	39	major
1	1.0	1.0	0.0	0.0	0	1.0	U6	39	minor
5	0.6	0.6	0.5	1.0	1	0.0	U6	40	major
1	0.0	0.0	0.0	0.0	0	0.0	U6	40	minor
7	0.5714285714285714	0.8571428571428571	0.6666666666666666	1.0	1	0.0	U6	41	major
1	0.0	0.0	0.0	0.0	0	0.0	U6	41	minor
7	0.5714285714285714	0.8571428571428571	0.6666666666666666	1.0	1	0.0	U6	42	major
1	1.0	1.0	0.0	0.0	0	1.0	U6	42	minor
7	0.42857142857142855	0.42857142857142855	0.3333333333333333	1.0	1	0.0	U6	43	major
1	1.0	1.0	0.0	0.0	0	1.0	U6	43	minor
7	0.5714285714285714	0.5714285714285714	0.6666666666666666	1.0	1	0.0	U6	44	major
1	1.0	1.0	0.0	0.0	0	1.0	U6	44	minor
7	0.7142857142857143	1.0	0.75	1.0	2	0.0	U6	45	major
1	1.0	2.0	0.0	0.0	0	1.0	U6	45	minor
7	0.7142857142857143	1.2857142857142858	0.5	1.0	2	0.0	U6	46	major
1	1.0	1.0	0.0	0.0	0	1.0	U6	46	minor
7	0.7142857142857143	1.0	0.3333333333333333	1.0	1	0.0	U6	47	major
1	1.0	1.0	0.0	0.0	0	1.0	U6	47	minor
7	0.8571428571428571	1.7142857142857142	0.5555555555555556	1.0	2	0.0	U6	48	major
1	1.0	2.0	0.0	0.0	0	1.0	U6	48	minor
7	1.0	1.1428571428571428	0.5	1.0	1	0.0	U6	49	major
1	1.0	2.0	0.0	0.0	0	1.0	U6	49	minor
7	0.8571428571428571	1.0	0.8333333333333334	1.0	2	0.0	U6	50	major
2	1.0	1.0	1.0	1.0	1	0.0	U6	50	minor
7	0.8571428571428571	1.1428571428571428	0.6111111111111112	1.0	2	0.0	U6	51	major
2	0.5	1.5	1.0	1.0	0	0.0	U6	51	minor
7	0.5714285714285714	0.8571428571428571	0.6666666666666666	1.0	2	0.0	U6	52	major
2	1.0	2.0	1.0	1.0	1	0.0	U6	52	minor
7	0.5714285714285714	1.0	0.4444444444444445	1.0	2	0.0	U6	53	major
2	1.0	1.0	1.0	1.0	1	0.0	U6	53	minor
7	0.42857142857142855	0.8571428571428571	0.2777777777777778	1.0	2	0.0	U6	54	major
2	0.5	0.5	1.0	1.0	1	0.0	U6	54	minor
7	1.0	1.1428571428571428	0.25	1.0	2	0.0	U6	55	major
2	1.0	1.0	1.0	1.0	1	0.0	U6	55	minor
7	0.8571428571428571	1.4285714285714286	0.4166666666666667	1.0	2	0.0	U6	56	major
2	0.5	0.5	1.0	1.0	0	0.0	U6	56	minor
7	0.7142857142857143	1.0	0.4166666666666667	1.0	1	0.0	U6	57	major
7	0.8571428571428571	1.2857142857142858	0.6666666666666666	1.0	1	0.0	U6	58	major
2	0.5	0.5	1.0	1.0	0	0.0	U6	58	minor
7	0.8571428571428571	1.5714285714285714	0.8333333333333334	1.0	1	0.0	U6	59	major
2	1.0	1.0	1.0	1.0	1	0.0	U6	59	minor
7	0.8571428571428571	2.4285714285714284	0.5666666666666665	1.0	1	0.0	U6	60	major
2	1.0	1.0	1.0	1.0	1	0.0	U6	60	minor
7	0.7142857142857143	1.1428571428571428	0.4444444444444445	1.0	1	0.0	U6	61	major
2	1.0	1.0	1.0	1.0	1	0.0	U6	61	minor
7	0.42857142857142855	0.5714285714285714	0.4166666666666667	1.0	1	0.0	U6	62	major
2	0.5	0.5	1.0	1.0	0	0.0	U6	62	minor
7	0.7142857142857143	0.7142857142857143	0.5	1.0	1	0.0	U6	63	major
2	0.5	0.5	1.0	1.0	0	0.0	U6	63	minor
7	0.7142857142857143	0.7142857142857143	0.5	1.0	1	0.0	U6	64	major
2	0.5	0.5	1.0	1.0	0	0.0	U6	64	minor
7	1.0	1.1428571428571428	0.3333333333333333	1.0	1	0.0	U6	65	major
2	1.0	1.0	1.0	1.0	1	0.0	U6	65	minor
7	1.0	1.0	0.16666666666666666	1.0	1	0.0	U6	66	major
2	0.5	0.5	1.0	1.0	0	0.0	U6	66	minor
7	1.0	1.4285714285714286	0.25	1.0	1	0.0	U6	67	major
2	0.5	0.5	1.0	1.0	0	0.0	U6	67	minor
7	0.8571428571428571	2.0	0.3333333333333333	1.0	1	0.0	U6	68	major
2	0.5	1.0	1.0	1.0	0	0.0	U6	68	minor
7	0.8571428571428571	0.8571428571428571	0.3333333333333333	1.0	1	0.0	U6	69	major
2	1.0	1.0	1.0	1.0	1	0.0	U6	69	minor
7	0.8571428571428571	0.8571428571428571	0.3333333333333333	1.0	1	0.0	U6	70	major
2	1.0	1.0	1.0	1.0	1	0.0	U6	70	minor
7	0.8571428571428571	1.1428571428571428	0.4166666666666667	1.0	1	0.0	U6	71	major
2	1.0	1.0	1.0	1.0	1	0.0	U6	71	minor
7	0.8571428571428571	1.1428571428571428	0.4166666666666667	1.0	1	0.0	U6	72	major
2	1.0	1.0	1.0	1.0	1	0.0	U6	72	minor
7	0.7142857142857143	1.2857142857142858	0.4166666666666667	1.0	2	0.0	U6	73	major
2	1.0	1.0	1.0	1.0	1	0.0	U6	73	minor
7	0.5714285714285714	0.7142857142857143	0.4166666666666667	1.0	1	0.0	U6	74	major
2	0.5	0.5	1.0	1.0	1	0.0	U6	74	minor
7	0.42857142857142855	0.42857142857142855	0.16666666666666666	1.0	1	0.0	U6	75	major
2	0.5	0.5	1.0	1.0	1	0.0	U6	75	minor
7	0.5714285714285714	0.5714285714285714	0.3333333333333333	1.0	1	0.0	U6	76	major
2	1.0	1.5	1.0	1.0	2	0.0	U6	76	minor
7	0.5714285714285714	0.5714285714285714	0.5	1.0	1	0.0	U6	77	major
2	0.5	0.5	1.0	1.0	1	0.0	U6	77	minor
5	0.6	1.4	0.5	1.0	1	0.0	U6	78	major
2	1.0	1.0	1.0	1.0	1	0.0	U6	78	minor
5	0.6	1.4	0.4166666666666667	1.0	0	0.0	U6	79	major
2	1.0	1.0	1.0	1.0	1	0.0	U6	79	minor
4	0.5	1.5	0.5	1.0	1	0.0	U6	80	major
2	0.0	0.0	0.0	0.0	0	0.0	U6	80	minor
4	0.75	1.0	0.6666666666666666	1.0	2	0.0	U6	81	major
2	0.0	0.0	0.0	0.0	0	0.0	U6	81	minor
4	0.75	2.5	0.7333333333333334	1.0	1	0.0	U6	82	major
4	0.75	2.25	0.6666666666666666	1.0	3	0.0	U6	83	major
6	0.6666666666666666	1.0	0.6	1.0	3	0.0	U6	84	major
2	0.5	0.5	1.0	1.0	0	0.0	U6	84	minor
7	0.42857142857142855	1.0	0.3333333333333333	1.0	3	0.0	U6	85	major
1	0.0	0.0	0.0	0.0	0	0.0	U6	85	minor
7	0.42857142857142855	1.1428571428571428	0.3333333333333333	1.0	4	0.0	U6	86	major
1	0.0	0.0	0.0	0.0	0	0.0	U6	86	minor
6	0.3333333333333333	0.3333333333333333	0.2	1.0	0	0.0	U6	87	major
7	0.2857142857142857	0.2857142857142857	0.16666666666666666	1.0	0	0.0	U6	88	major
1	0.0	0.0	0.0	0.0	0	0.0	U6	88	minor
7	0.2857142857142857	0.2857142857142857	0.16666666666666666	1.0	0	0.0	U6	89	major
2	0.5	0.5	1.0	1.0	1	0.0	U6	89	minor
6	0.16666666666666666	0.16666666666666666	0.2	1.0	0	0.0	U6	90	major
1	1.0	1.0	0.0	0.0	0	1.0	U6	90	minor
6	0.0	0.0	0.0	0.0	0	0.0	U6	91	major
1	1.0	1.0	0.0	0.0	0	1.0	U6	91	minor
6	0.3333333333333333	0.3333333333333333	0.4	1.0	1	0.0	U6	92	major
6	0.3333333333333333	0.3333333333333333	0.4	1.0	1	0.0	U6	93	major
6	0.3333333333333333	0.3333333333333333	0.4	1.0	1	0.0	U6	94	major
6	0.16666666666666666	0.16666666666666666	0.4	1.0	1	0.0	U6	95	major
4	0.0	0.0	0.0	0.0	0	0.0	U6	96	major
3	0.3333333333333333	0.3333333333333333	1.0	1.0	1	0.0	U6	97	major
1	1.0	1.0	0.0	0.0	0	1.0	U6	102	major
1	1.0	3.0	0.0	0.0	0	1.0	U6	103	major
1	1.0	3.0	0.0	0.0	0	1.0	U6	104	major
1	1.0	3.0	0.0	0.0	0	1.0	U6	105	major
1	1.0	4.0	0.0	0.0	0	1.0	U6	106	major
