null	stat	value
degree-matched	sge_rho	0.2312776220028538
degree-matched	sge_rho	0.3200612589307956
degree-matched	sge_rho	0.3125687752842197
degree-matched	sge_rho	0.1967701743957544
degree-matched	sge_rho	0.287070285573137
degree-matched	sge_rho	0.2842023966417236
degree-matched	sge_rho	0.26768662661881587
degree-matched	sge_rho	0.3116209764201308
degree-matched	sge_rho	0.3010614736768334
degree-matched	sge_rho	0.2683335289305418
degree-matched	sge_rho	0.1860359871996734
degree-matched	sge_rho	0.3099898343311871
degree-matched	sge_rho	0.23293391184789275
degree-matched	sge_rho	0.243812284280635
degree-matched	sge_rho	0.2768908519047252
degree-matched	sge_rho	0.2513082837499924
degree-matched	sge_rho	0.22795334444792345
degree-matched	sge_rho	0.32171643358402907
degree-matched	sge_rho	0.3072649902527603
degree-matched	sge_rho	0.2650200270578337
degree-matched	sge_rho	0.3053400541900202
degree-matched	sge_rho	0.29849252027589274
degree-matched	sge_rho	0.3000987722242248
degree-matched	sge_rho	0.26948784491610983
degree-matched	sge_rho	0.24480333899208392
degree-matched	sge_rho	0.3004470152489329
degree-matched	sge_rho	0.20238643179845062
degree-matched	sge_rho	0.3217961586461333
degree-matched	sge_rho	0.32565876826147444
degree-matched	sge_rho	0.30957868915945314
degree-matched	sge_rho	0.2784658046412734
degree-matched	sge_rho	0.2602181459965163
degree-matched	sge_rho	0.3180241365745522
degree-matched	sge_rho	0.3229684327321455
degree-matched	sge_rho	0.22805735065091912
degree-matched	sge_rho	0.2591419375089918
degree-matched	sge_rho	0.29795680933268964
degree-matched	sge_rho	0.26874488841406713
degree-matched	sge_rho	0.3006234772191482
degree-matched	sge_rho	0.24676838821709857
degree-matched	sge_rho	0.27237432040896004
degree-matched	sge_rho	0.2346498165944628
degree-matched	sge_rho	0.2640115669545147
degree-matched	sge_rho	0.2947709546204057
degree-matched	sge_rho	0.28708630398688934
degree-matched	sge_rho	0.2850157521581086
degree-matched	sge_rho	0.28640731975337064
degree-matched	sge_rho	0.25812356327577474
degree-matched	sge_rho	0.29353064205152324
degree-matched	sge_rho	0.2985854997851509
degree-matched	sge_rho	0.31055250839476367
degree-matched	sge_rho	0.2963359436700572
degree-matched	sge_rho	0.319178158780969
degree-matched	sge_rho	0.27290725711862474
degree-matched	sge_rho	0.3214441684829084
degree-matched	sge_rho	0.2720753861061128
degree-matched	sge_rho	0.23238283418555924
degree-matched	sge_rho	0.29240566273374363
degree-matched	sge_rho	0.3037755353093581
degree-matched	sge_rho	0.3088944811972832
degree-matched	sge_rho	0.33602686512340485
degree-matched	sge_rho	0.2717778117924335
degree-matched	sge_rho	0.3062477572192024
degree-matched	sge_rho	0.21529353794731373
degree-matched	sge_rho	0.22702176899119764
degree-matched	sge_rho	0.27796894556654833
degree-matched	sge_rho	0.3255761247760499
degree-matched	sge_rho	0.2959498092358989
degree-matched	sge_rho	0.24142997317983356
degree-matched	sge_rho	0.27937615750773187
degree-matched	sge_rho	0.27076759007589035
degree-matched	sge_rho	0.2958244723074856
degree-matched	sge_rho	0.30140268938878895
degree-matched	sge_rho	0.2953121100250756
degree-matched	sge_rho	0.25903347383524206
degree-matched	sge_rho	0.3088861564133316
degree-matched	sge_rho	0.30829676555668456
degree-matched	sge_rho	0.2665099577974109
degree-matched	sge_rho	0.3063798577132809
degree-matched	sge_rho	0.24689109672690848
degree-matched	sge_rho	0.29139107747943144
degree-matched	sge_rho	0.2826529163013797
degree-matched	sge_rho	0.227634653513229
degree-matched	sge_rho	0.29323461956031993
degree-matched	sge_rho	0.26296089886154284
degree-matched	sge_rho	0.2634763902720675
degree-matched	sge_rho	0.2998363232130353
degree-matched	sge_rho	0.30228089740112746
degree-matched	sge_rho	0.30541002044956683
degree-matched	sge_rho	0.307370550566024
degree-matched	sge_rho	0.3158298181294886
degree-matched	sge_rho	0.27394326340413194
degree-matched	sge_rho	0.295427668771072
degree-matched	sge_rho	0.22447967813830788
degree-matched	sge_rho	0.2183528266363551
degree-matched	sge_rho	0.25492432071030546
degree-matched	sge_rho	0.30412788423197673
degree-matched	sge_rho	0.2634013248034234
degree-matched	sge_rho	0.1879084654357509
degree-matched	sge_rho	0.2537706896006803
degree-matched	sge_rho	0.30805207387578376
degree-matched	sge_rho	0.304710010961791
degree-matched	sge_rho	0.2942955145792312
degree-matched	sge_rho	0.31125530192037804
degree-matched	sge_rho	0.2661067049147662
degree-matched	sge_rho	0.26872249745344257
degree-matched	sge_rho	0.31760256954107435
degree-matched	sge_rho	0.26928355020643635
degree-matched	sge_rho	0.3016553318620136
degree-matched	sge_rho	0.31779467080267304
degree-matched	sge_rho	0.27896159208789717
degree-matched	sge_rho	0.287364684345925
degree-matched	sge_rho	0.2870071134745928
degree-matched	sge_rho	0.302034857186195
degree-matched	sge_rho	0.31012641743042424
degree-matched	sge_rho	0.3404843754357948
degree-matched	sge_rho	0.3012850348354169
degree-matched	sge_rho	0.25774012110345434
degree-matched	sge_rho	0.32120358603583354
degree-matched	sge_rho	0.29801546475801377
degree-matched	sge_rho	0.23443201133882188
degree-matched	sge_rho	0.256405183697907
degree-matched	sge_rho	0.25703858127381696
degree-matched	sge_rho	0.27239957690421823
degree-matched	sge_rho	0.26167011120481504
degree-matched	sge_rho	0.26680168256413545
degree-matched	sge_rho	0.24752397685258667
degree-matched	sge_rho	0.25189618297955535
degree-matched	sge_rho	0.30450137827908946
degree-matched	sge_rho	0.2968312974846289
degree-matched	sge_rho	0.18325926973085505
degree-matched	sge_rho	0.29760066933485846
degree-matched	sge_rho	0.2956592362233131
degree-matched	sge_rho	0.29983812156363804
degree-matched	sge_rho	0.30946702185348585
degree-matched	sge_rho	0.30107012233158575
degree-matched	sge_rho	0.3524200221542639
degree-matched	sge_rho	0.2631962635784267
degree-matched	sge_rho	0.29766600267636134
degree-matched	sge_rho	0.26689461493910993
degree-matched	sge_rho	0.290014038865394
degree-matched	sge_rho	0.3026118277026706
degree-matched	sge_rho	0.23542643496159438
degree-matched	sge_rho	0.2948496884538952
degree-matched	sge_rho	0.31197591235333466
degree-matched	sge_rho	0.29512122883916614
degree-matched	sge_rho	0.3054205072698603
degree-matched	sge_rho	0.30057621468359874
degree-matched	sge_rho	0.26896130680480124
degree-matched	sge_rho	0.2959577464954833
degree-matched	sge_rho	0.27162036376572407
degree-matched	sge_rho	0.27220775815016884
degree-matched	sge_rho	0.26188372940231236
degree-matched	sge_rho	0.3010971501836986
degree-matched	sge_rho	0.32038570385008486
degree-matched	sge_rho	0.3075324554099823
degree-matched	sge_rho	0.2459955416813405
degree-matched	sge_rho	0.23489927855940324
degree-matched	sge_rho	0.31670216708784615
degree-matched	sge_rho	0.24972170649848244
degree-matched	sge_rho	0.33143901680830695
degree-matched	sge_rho	0.30676333153728585
degree-matched	sge_rho	0.2983743985940992
degree-matched	sge_rho	0.2961397766652301
degree-matched	sge_rho	0.30510222106050167
degree-matched	sge_rho	0.2894839328074075
degree-matched	sge_rho	0.2694964351345971
degree-matched	sge_rho	0.3042756744355948
degree-matched	sge_rho	0.2666114873549849
degree-matched	sge_rho	0.2602703865702227
degree-matched	sge_rho	0.2728900921365325
degree-matched	sge_rho	0.28238928949611897
degree-matched	sge_rho	0.23656579870945402
degree-matched	sge_rho	0.30461605358312865
degree-matched	sge_rho	0.32185717407534475
degree-matched	sge_rho	0.2722240421377366
degree-matched	sge_rho	0.2621739172477933
degree-matched	sge_rho	0.3244187258491868
degree-matched	sge_rho	0.2628985406853072
degree-matched	sge_rho	0.3181358277548449
degree-matched	sge_rho	0.2413703579485744
degree-matched	sge_rho	0.3092978375861527
degree-matched	sge_rho	0.3092061252148612
degree-matched	sge_rho	0.2634554893735765
degree-matched	sge_rho	0.26482951288470147
degree-matched	sge_rho	0.2739984690803739
degree-matched	sge_rho	0.2198588696865024
degree-matched	sge_rho	0.3013495804858128
degree-matched	sge_rho	0.27427597387867914
degree-matched	sge_rho	0.29975591087106823
degree-matched	sge_rho	0.2592766358396551
degree-matched	sge_rho	0.31329405376839325
degree-matched	sge_rho	0.26612283906164413
degree-matched	sge_rho	0.29564109132397254
degree-matched	sge_rho	0.22498074206769506
degree-matched	sge_rho	0.26547694550222783
degree-matched	sge_rho	0.25639644707479614
degree-matched	sge_rho	0.30161655401272147
degree-matched	sge_rho	0.2913899848864635
degree-matched	sge_rho	0.2945045558895406
free	sge_rho	0.1392228131461154
free	sge_rho	0.1358023749403932
free	sge_rho	0.2350282214049733
free	sge_rho	0.24402989142139284
free	sge_rho	0.18517579671345
free	sge_rho	0.2380966551241862
free	sge_rho	0.22380454820405413
free	sge_rho	0.1310015866642789
free	sge_rho	0.23614752959764382
free	sge_rho	0.19149328216274772
free	sge_rho	0.24748512010492835
free	sge_rho	0.1848525238051079
free	sge_rho	0.18569315317535962
free	sge_rho	0.218904820398518
free	sge_rho	0.11342464234222291
free	sge_rho	0.13341488112184285
free	sge_rho	0.060478028703312564
free	sge_rho	0.14456543616228174
free	sge_rho	0.15756610550794506
free	sge_rho	0.1700804440363449
free	sge_rho	0.12797472402607113
free	sge_rho	0.15474377599182798
free	sge_rho	0.20871474988848487
free	sge_rho	0.17792382537838222
free	sge_rho	0.1926386330708426
free	sge_rho	0.21664930450527223
free	sge_rho	0.1726269111359062
free	sge_rho	0.15034656861154821
free	sge_rho	0.10803732347850674
free	sge_rho	0.1904181921398015
free	sge_rho	0.1747642460554911
free	sge_rho	0.20901147450636498
free	sge_rho	0.20590879866657688
free	sge_rho	0.17904874615343042
free	sge_rho	0.21216827610315783
free	sge_rho	0.20234350352065492
free	sge_rho	0.15891294383383997
free	sge_rho	0.12699687616883246
free	sge_rho	0.17459099396931638
free	sge_rho	0.1746687843894937
free	sge_rho	0.21916984351074634
free	sge_rho	0.17118510313217958
free	sge_rho	0.21724238916926827
free	sge_rho	0.20823925934679607
free	sge_rho	0.1420261743302447
free	sge_rho	0.15995812931882822
free	sge_rho	0.17152951504756014
free	sge_rho	0.2101490276531478
free	sge_rho	0.25010855323923803
free	sge_rho	0.2507293773554633
free	sge_rho	0.18258193703224543
free	sge_rho	0.13766340189766546
free	sge_rho	0.23153079209086522
free	sge_rho	0.22383259130126507
free	sge_rho	0.19001543107680285
free	sge_rho	0.19197128710863937
free	sge_rho	0.2367106517149288
free	sge_rho	0.14339581284320851
free	sge_rho	0.1068900096585418
free	sge_rho	0.1776720583900699
free	sge_rho	0.215247661096273
free	sge_rho	0.17604449618040316
free	sge_rho	0.2336122073920914
free	sge_rho	0.17452959923738032
free	sge_rho	0.23428674380462666
free	sge_rho	0.22278661630918625
free	sge_rho	0.1690985762236854
free	sge_rho	0.21020811914669643
free	sge_rho	0.266198686653474
free	sge_rho	0.14029543558173305
free	sge_rho	0.24180881549412167
free	sge_rho	0.08348799425088618
free	sge_rho	0.1695182090864714
free	sge_rho	0.20346489901453374
free	sge_rho	0.14541417915419858
free	sge_rho	0.16706646969995811
free	sge_rho	0.1318062214223982
free	sge_rho	0.18080996162605933
free	sge_rho	0.1578275296076953
free	sge_rho	0.1826198448270156
free	sge_rho	0.17458795144437125
free	sge_rho	0.14445716311719117
free	sge_rho	0.15856377444751468
free	sge_rho	0.17275940505345197
free	sge_rho	0.12714940075094147
free	sge_rho	0.16450396423224622
free	sge_rho	0.12042752917184166
free	sge_rho	0.15284660495846647
free	sge_rho	0.18562122483713303
free	sge_rho	0.1900731528986257
free	sge_rho	0.21383761259614434
free	sge_rho	0.22436851865506974
free	sge_rho	0.10997915747331483
free	sge_rho	0.1984550849605135
free	sge_rho	0.15418702999988831
free	sge_rho	0.11041529194802432
free	sge_rho	0.25047850822940076
free	sge_rho	0.1105864333310303
free	sge_rho	0.15142246969970516
free	sge_rho	0.21561122926820042
free	sge_rho	0.19046920587509295
free	sge_rho	0.2522691611752702
free	sge_rho	0.18032243211264165
free	sge_rho	0.12379744076700765
free	sge_rho	0.12562937921057246
free	sge_rho	0.19920642450917755
free	sge_rho	0.13885990229319295
free	sge_rho	0.17811379340265676
free	sge_rho	0.1833206240854527
free	sge_rho	0.15875618750319964
free	sge_rho	0.22301142249789213
free	sge_rho	0.1776765064621419
free	sge_rho	0.22118113811804577
free	sge_rho	0.17623460845137714
free	sge_rho	0.16031040451470632
free	sge_rho	0.23319401025270337
free	sge_rho	0.15434350219996024
free	sge_rho	0.20559359400633898
free	sge_rho	0.15109675140272943
free	sge_rho	0.12610947760138896
free	sge_rho	0.18810492879026697
free	sge_rho	0.22846512818983994
free	sge_rho	0.24322936374513796
free	sge_rho	0.15148449490524013
free	sge_rho	0.24600737534047767
free	sge_rho	0.23016725522197187
free	sge_rho	0.2289537169109131
free	sge_rho	0.12447057622077504
free	sge_rho	0.17873506387829632
free	sge_rho	0.2219779932194797
free	sge_rho	0.18772584490558444
free	sge_rho	0.17003240052781604
free	sge_rho	0.20591564423527192
free	sge_rho	0.19939644303127282
free	sge_rho	0.16542749207032426
free	sge_rho	0.1379791136930944
free	sge_rho	0.17864629498225748
free	sge_rho	0.1362986891622862
free	sge_rho	0.1098214156156527
free	sge_rho	0.17308381836916725
free	sge_rho	0.15489919389486667
free	sge_rho	0.18334390937753864
free	sge_rho	0.18578281778815212
free	sge_rho	0.09365029446887399
free	sge_rho	0.1952581594164158
free	sge_rho	0.19163999603658252
free	sge_rho	0.23384810788368834
free	sge_rho	0.20341368876733432
free	sge_rho	0.22095153465267028
free	sge_rho	0.16999975296483294
free	sge_rho	0.2741926815970014
free	sge_rho	0.13533914448280926
free	sge_rho	0.24998537484543357
free	sge_rho	0.19639422096628742
free	sge_rho	0.20748894280158034
free	sge_rho	0.18764802985557189
free	sge_rho	0.19921625395140102
free	sge_rho	0.22598832029723429
free	sge_rho	0.19305280877419315
free	sge_rho	0.17524135562241408
free	sge_rho	0.17034118036791276
free	sge_rho	0.1096694599534905
free	sge_rho	0.21531017784023387
free	sge_rho	0.17655347382290543
free	sge_rho	0.16349594999669717
free	sge_rho	0.1754876526518025
free	sge_rho	0.11097906279755533
free	sge_rho	0.12375633257402706
free	sge_rho	0.2359330251582388
free	sge_rho	0.22714224670375177
free	sge_rho	0.16148229528048821
free	sge_rho	0.18550145637465498
free	sge_rho	0.1891724235683852
free	sge_rho	0.234258426584618
free	sge_rho	0.15203396782471776
free	sge_rho	0.19898938750231523
free	sge_rho	0.21034953678826793
free	sge_rho	0.19919928389917893
free	sge_rho	0.17938288412353492
free	sge_rho	0.2074694193439041
free	sge_rho	0.15634242948203847
free	sge_rho	0.22119825850176386
free	sge_rho	0.18727199169840347
free	sge_rho	0.23328547386530452
free	sge_rho	0.1970053067596155
free	sge_rho	0.2074031797574668
free	sge_rho	0.22425374197796372
free	sge_rho	0.1891655860180339
free	sge_rho	0.1475865610430802
free	sge_rho	0.1638533660353322
free	sge_rho	0.19971321161723818
free	sge_rho	0.24080508834407258
free	sge_rho	0.17443702486738194
free	sge_rho	0.1268508048604177
free	sge_rho	0.17219459863427336
free	sge_rho	0.18410647223795534
free	sge_rho	0.19208137949704104
free	sge_rho	0.1736795201440108
free	sge_rho	0.18264179397576652
free	sge_rho	0.1416392129275533
degree-matched	partial	0.16405154175875739
degree-matched	partial	0.26164931388419765
degree-matched	partial	0.2500949458190484
degree-matched	partial	0.13401048692487383
degree-matched	partial	0.22359899698427893
degree-matched	partial	0.22526154340035906
degree-matched	partial	0.20455552999337107
degree-matched	partial	0.2552068397797708
degree-matched	partial	0.24301509402492144
degree-matched	partial	0.21335941294740726
degree-matched	partial	0.12585813616977515
degree-matched	partial	0.24751322963249042
degree-matched	partial	0.17471054188706112
degree-matched	partial	0.17923219508754612
degree-matched	partial	0.21392225314808286
degree-matched	partial	0.188186214887349
degree-matched	partial	0.16342460253234609
degree-matched	partial	0.26312026541245187
degree-matched	partial	0.24958811031764536
degree-matched	partial	0.20475612019928935
degree-matched	partial	0.24427277903272338
degree-matched	partial	0.23475687881174664
degree-matched	partial	0.24141430046125098
degree-matched	partial	0.20858706205373193
degree-matched	partial	0.1767377618579016
degree-matched	partial	0.239900766178492
degree-matched	partial	0.14162007458498674
degree-matched	partial	0.2602610686554329
degree-matched	partial	0.26511572578924375
degree-matched	partial	0.2525583311630487
degree-matched	partial	0.2138137583339409
degree-matched	partial	0.19868923025911367
degree-matched	partial	0.2583667251345638
degree-matched	partial	0.26455221187326167
degree-matched	partial	0.16734756374933418
degree-matched	partial	0.19077375425784118
degree-matched	partial	0.2373386951668254
degree-matched	partial	0.2074560436171495
degree-matched	partial	0.24325946792726622
degree-matched	partial	0.1825153176588681
degree-matched	partial	0.20599276918098527
degree-matched	partial	0.17203134158941225
degree-matched	partial	0.20178755133702175
degree-matched	partial	0.23871690503786858
degree-matched	partial	0.23093815028183332
degree-matched	partial	0.22463599958428315
degree-matched	partial	0.22024712082436718
degree-matched	partial	0.19739734171904857
degree-matched	partial	0.2367125488005315
degree-matched	partial	0.23923939176463277
degree-matched	partial	0.25143247991417883
degree-matched	partial	0.23778045920551955
degree-matched	partial	0.260925708134831
degree-matched	partial	0.21419129990584213
degree-matched	partial	0.25922955700050393
degree-matched	partial	0.2109578706824754
degree-matched	partial	0.17042445943024173
degree-matched	partial	0.2283603303576364
degree-matched	partial	0.242692374710855
degree-matched	partial	0.25481795095396115
degree-matched	partial	0.27429187419143614
degree-matched	partial	0.21068678983947955
degree-matched	partial	0.24629817268659607
degree-matched	partial	0.1565463861054714
degree-matched	partial	0.15998478867531415
degree-matched	partial	0.21536348043849
degree-matched	partial	0.26927180120425037
degree-matched	partial	0.2332120690812439
degree-matched	partial	0.1778101892778941
degree-matched	partial	0.21892518327868338
degree-matched	partial	0.2132701016947379
degree-matched	partial	0.24423150072243294
degree-matched	partial	0.2452902699612594
degree-matched	partial	0.22942920274187698
degree-matched	partial	0.20242055807396628
degree-matched	partial	0.24570906398280304
degree-matched	partial	0.24977541826467328
degree-matched	partial	0.20189600304484884
degree-matched	partial	0.24815117158378766
degree-matched	partial	0.18524070903205567
degree-matched	partial	0.22797129208027445
degree-matched	partial	0.22468375252984513
degree-matched	partial	0.1648955905400555
degree-matched	partial	0.22804379435966135
degree-matched	partial	0.19789079356388717
degree-matched	partial	0.20450323359774572
degree-matched	partial	0.23791234239254813
degree-matched	partial	0.24522176175315166
degree-matched	partial	0.24225413564384307
degree-matched	partial	0.24980140619129984
degree-matched	partial	0.25641253481997023
degree-matched	partial	0.21520929244066292
degree-matched	partial	0.2364646032598959
degree-matched	partial	0.1623657713843216
degree-matched	partial	0.15046528899319753
degree-matched	partial	0.19397621664405398
degree-matched	partial	0.24596072954056833
degree-matched	partial	0.20338150286824577
degree-matched	partial	0.12660693744050938
degree-matched	partial	0.1905884645359002
degree-matched	partial	0.24965683296280233
degree-matched	partial	0.24741040621542681
degree-matched	partial	0.23895666820398187
degree-matched	partial	0.2524659990361651
degree-matched	partial	0.20473231821842774
degree-matched	partial	0.2078985341329826
degree-matched	partial	0.2626012522171987
degree-matched	partial	0.2084911326948162
degree-matched	partial	0.2456933133452355
degree-matched	partial	0.25573642704855654
degree-matched	partial	0.21737903816411092
degree-matched	partial	0.2306362980029127
degree-matched	partial	0.2306473291084135
degree-matched	partial	0.2456795476046896
degree-matched	partial	0.25434372089553514
degree-matched	partial	0.28345339746199416
degree-matched	partial	0.2433037576682453
degree-matched	partial	0.2002669402797871
degree-matched	partial	0.2650682507752704
degree-matched	partial	0.2403385832155078
degree-matched	partial	0.17012694752781507
degree-matched	partial	0.19787729818517302
degree-matched	partial	0.19613848013649474
degree-matched	partial	0.2133865529157613
degree-matched	partial	0.20131453145935715
degree-matched	partial	0.20196507360886412
degree-matched	partial	0.18188043768335257
degree-matched	partial	0.19186929102282083
degree-matched	partial	0.2453476171340355
degree-matched	partial	0.2376204076942501
degree-matched	partial	0.12193324061982098
degree-matched	partial	0.23752146936967516
degree-matched	partial	0.2292753383725942
degree-matched	partial	0.23745687064746065
degree-matched	partial	0.2481336611395466
degree-matched	partial	0.2455269485785281
degree-matched	partial	0.29587184447855164
degree-matched	partial	0.19847338350321556
degree-matched	partial	0.23800134540342527
degree-matched	partial	0.20871551710558653
degree-matched	partial	0.2278655027880436
degree-matched	partial	0.24321113828506827
degree-matched	partial	0.17061683634708733
degree-matched	partial	0.22688030219994604
degree-matched	partial	0.255243615847175
degree-matched	partial	0.2344324336654581
degree-matched	partial	0.2496799915424256
degree-matched	partial	0.24206843448681026
degree-matched	partial	0.20912006011150044
degree-matched	partial	0.23269087658727197
degree-matched	partial	0.2121378239930167
degree-matched	partial	0.21309276621298098
degree-matched	partial	0.19653761586542723
degree-matched	partial	0.2421841816720342
degree-matched	partial	0.25993416962494187
degree-matched	partial	0.24973395302783297
degree-matched	partial	0.18404520824493847
degree-matched	partial	0.1733128353365934
degree-matched	partial	0.25708557517206093
degree-matched	partial	0.18372396405738478
degree-matched	partial	0.2726985474551232
degree-matched	partial	0.24621038039781304
degree-matched	partial	0.24328211578596529
degree-matched	partial	0.23767680863236998
degree-matched	partial	0.24448482286596834
degree-matched	partial	0.2298542401692839
degree-matched	partial	0.21229737194277845
degree-matched	partial	0.24181988669741733
degree-matched	partial	0.20640456381915195
degree-matched	partial	0.20294535633114286
degree-matched	partial	0.21616565877238655
degree-matched	partial	0.21568043117802105
degree-matched	partial	0.1729538299497811
degree-matched	partial	0.2458539964914185
degree-matched	partial	0.26064927984570374
degree-matched	partial	0.20955359680305957
degree-matched	partial	0.20272781687763308
degree-matched	partial	0.26370622037102304
degree-matched	partial	0.20564420664837846
degree-matched	partial	0.2624780395608939
degree-matched	partial	0.17515838475121556
degree-matched	partial	0.25145760381003396
degree-matched	partial	0.2483696925836485
degree-matched	partial	0.20164231084589418
degree-matched	partial	0.20528577220130823
degree-matched	partial	0.21505706425424465
degree-matched	partial	0.15782193893063926
degree-matched	partial	0.2412412938050497
degree-matched	partial	0.2175239208677324
degree-matched	partial	0.24052237842100843
degree-matched	partial	0.19557469688748474
degree-matched	partial	0.2589570107672627
degree-matched	partial	0.2060534230150714
degree-matched	partial	0.23728351110985896
degree-matched	partial	0.16285145415379831
degree-matched	partial	0.2039596180620385
degree-matched	partial	0.1986157307198031
degree-matched	partial	0.23730884359429225
degree-matched	partial	0.228127790868026
degree-matched	partial	0.23275096210162582
free	partial	0.1345299719291935
free	partial	0.12599135150017934
free	partial	0.2002718310615923
free	partial	0.2131254120289667
free	partial	0.162850565806341
free	partial	0.20218769176673612
free	partial	0.20294280647410687
free	partial	0.10722278730563452
free	partial	0.18558696577759387
free	partial	0.16289801666713313
free	partial	0.2142828433256812
free	partial	0.16105157474674184
free	partial	0.15693904920787746
free	partial	0.196489723228882
free	partial	0.12163516617462482
free	partial	0.10623723513934615
free	partial	0.05477641224400509
free	partial	0.10294359385948185
free	partial	0.14126514902184953
free	partial	0.14974549862432593
free	partial	0.09647276603547886
free	partial	0.12372873122139
free	partial	0.17250120857878606
free	partial	0.17598010831844366
free	partial	0.1526646020501297
free	partial	0.17825339435880727
free	partial	0.15217529426122833
free	partial	0.14868563145481134
free	partial	0.11367195387314827
free	partial	0.15911788118328907
free	partial	0.15261231501490893
free	partial	0.16788739270774222
free	partial	0.19109576957555566
free	partial	0.1463163557715646
free	partial	0.17662411808642542
free	partial	0.19284108740069988
free	partial	0.1328222338650761
free	partial	0.11587878181217291
free	partial	0.1368730508595636
free	partial	0.1522317579205813
free	partial	0.18509286013982387
free	partial	0.14501305324694785
free	partial	0.19558827186878625
free	partial	0.17699509427127283
free	partial	0.12290563789260078
free	partial	0.13783518467464778
free	partial	0.14081950645589938
free	partial	0.17506516083638649
free	partial	0.22054548457373993
free	partial	0.21763249777151464
free	partial	0.1554493525796197
free	partial	0.10376981037189567
free	partial	0.1816219395922049
free	partial	0.1952566489210892
free	partial	0.16494840149621634
free	partial	0.16865535746126203
free	partial	0.2050081605639949
free	partial	0.1404842174084884
free	partial	0.08003440040664542
free	partial	0.16417113229444785
free	partial	0.19392823695724754
free	partial	0.15434865719419832
free	partial	0.21775038403011862
free	partial	0.13838702680366177
free	partial	0.20776989048202865
free	partial	0.18633897477589983
free	partial	0.12414531817461474
free	partial	0.19347798039233738
free	partial	0.2593849370420935
free	partial	0.11576207921965789
free	partial	0.22505236743850376
free	partial	0.07828028724521716
free	partial	0.1263698760333967
free	partial	0.1751682506204421
free	partial	0.12988803167284274
free	partial	0.14630583715162634
free	partial	0.12229116009689707
free	partial	0.1587980879211356
free	partial	0.14563183686569586
free	partial	0.17485811626171557
free	partial	0.14447633537023466
free	partial	0.1236811122349091
free	partial	0.12943585561631368
free	partial	0.1714529257996881
free	partial	0.11612452887063052
free	partial	0.14833484856970786
free	partial	0.0872467114775377
free	partial	0.1458957660632822
free	partial	0.1420092048921029
free	partial	0.14032519696741313
free	partial	0.18904103355210192
free	partial	0.18758336609487386
free	partial	0.09079666693727645
free	partial	0.1497175507154854
free	partial	0.15776878020057447
free	partial	0.10195394761367933
free	partial	0.21926029025476082
free	partial	0.08151783654367512
free	partial	0.13738683381369057
free	partial	0.2030003542156516
free	partial	0.15620317958151927
free	partial	0.21021686992399144
free	partial	0.1510307644077513
free	partial	0.09998434407592831
free	partial	0.10257285829077226
free	partial	0.16267311883853772
free	partial	0.11059315061070821
free	partial	0.14965864565621542
free	partial	0.17316542814275898
free	partial	0.13616877214107165
free	partial	0.21580500755688145
free	partial	0.15578617380253776
free	partial	0.20367803937502038
free	partial	0.14878354412474254
free	partial	0.12410223374366058
free	partial	0.20015264699354418
free	partial	0.12143748363637095
free	partial	0.17559641588873434
free	partial	0.13919807093614373
free	partial	0.12091115277438674
free	partial	0.1732785631410724
free	partial	0.20767612874874747
free	partial	0.21941943260249247
free	partial	0.11899339467839719
free	partial	0.22101332658426837
free	partial	0.21163899886973825
free	partial	0.20226125114631321
free	partial	0.09631949102931835
free	partial	0.13971798170178334
free	partial	0.2171606651121373
free	partial	0.17607472742688465
free	partial	0.1345984180721176
free	partial	0.18652378179958018
free	partial	0.15761410840031487
free	partial	0.13663207581058903
free	partial	0.09838029245905679
free	partial	0.15686780793069766
free	partial	0.1352427506177439
free	partial	0.09065183553450036
free	partial	0.15013922416052464
free	partial	0.13516900158430176
free	partial	0.15969383743286564
free	partial	0.15557476129788894
free	partial	0.0855912477520775
free	partial	0.16968116837846695
free	partial	0.1711045895824704
free	partial	0.195106120554823
free	partial	0.1793105224292234
free	partial	0.17495251474092405
free	partial	0.146579106558071
free	partial	0.23478642382622253
free	partial	0.13294635857881346
free	partial	0.21290513313896056
free	partial	0.165723215318739
free	partial	0.16309130834127916
free	partial	0.14028325567595953
free	partial	0.17225778449636214
free	partial	0.1836016444199878
free	partial	0.1603703641307018
free	partial	0.1531078590074874
free	partial	0.15053194128597885
free	partial	0.12243015906477508
free	partial	0.1933843224471875
free	partial	0.16583277985291534
free	partial	0.14372591306345855
free	partial	0.16197894315934613
free	partial	0.08635259150471827
free	partial	0.09931034342818784
free	partial	0.20469620787010384
free	partial	0.17238010781671387
free	partial	0.15488417526856796
free	partial	0.1685664674944949
free	partial	0.1674255918996554
free	partial	0.18147560318801248
free	partial	0.1449643819140114
free	partial	0.18457292782923657
free	partial	0.1804144813426959
free	partial	0.15923608441805415
free	partial	0.14308763855748416
free	partial	0.18005318500725215
free	partial	0.1613234872860888
free	partial	0.17902696579444619
free	partial	0.16007929470727292
free	partial	0.21149851666333355
free	partial	0.1478467575186872
free	partial	0.16220208600875158
free	partial	0.19300819932324215
free	partial	0.15944363338273915
free	partial	0.1235554191245456
free	partial	0.14672437954786743
free	partial	0.17692620925286898
free	partial	0.23056589844194234
free	partial	0.13487852461058683
free	partial	0.11009280801557905
free	partial	0.17230545874233788
free	partial	0.17203455613693136
free	partial	0.18654440984632362
free	partial	0.15285857853585944
free	partial	0.14559773242285667
free	partial	0.13398011107365004
