score	n	n_pos	auroc	auprc	sens_at_95spec	auroc_ci
cadd_phred	206	11	0.6321678321678321	0.07308035393371433	0.0	[0.54, 0.72]
phylop447	233	18	0.5488372093023256	0.10526315789473684	0.0	[0.50, 0.60]
phylop_gnomadpos	233	18	0.34173126614987076	0.06920020544785158	0.0	[0.27, 0.42]
max_protein_res	226	18	0.7303685897435898	0.15080867876382043	0.0	[0.64, 0.82]
frac_states_protein_contact	226	18	0.7291666666666667	0.1606444816732663	0.0	[0.62, 0.82]
frac_states_snrna_contact	226	18	0.686965811965812	0.14435822843063273	0.0	[0.58, 0.79]
abs_ddG_fold	233	18	0.3404392764857881	0.064993216709849	0.0	[0.21, 0.47]
ddG_duplex_loss	233	18	0.37777777777777777	0.06357996576413213	0.0	[0.26, 0.48]
paired_wt	233	18	0.38423772609819123	0.0640988985425504	0.0	[0.32, 0.46]
transfer_model	233	18	0.6152454780361757	0.1109348456295772	0.05555555555555555	[0.50, 0.73]
depletion_neg_oe (circular)	233	18	0.9767441860465116	0.7195658410230077	0.8333333333333334	[0.96, 0.99]
